dataset,keras_parallel_3_Dilated_Conv,keras_3_Dilated_Conv,sklearn_MLPClassifier,sklearn_Perceptron,sklearn_SGDClassifier,sklearn_BernoulliNB,sklearn_PassiveAggressiveClassifier,MOA_MajorityClass,MOA_RandomHoeffdingTree,MOA_NaiveBayes,MOA_SPegasos,MOA_OzaBagAdwin,MOA_OzaBoost,MOA_OzaBag,MOA_OCBoost,MOA_SingleClassifierDrift,MOA_WeightedMajorityAlgorithm,MOA_OzaBoostAdwin,MOA_Perceptron,MOA_HoeffdingAdaptiveTree,MOA_HoeffdingOptionTree,MOA_LeveragingBag,MOA_DecisionStump,MOA_OzaBagASHT,MOA_SGD,MOA_AdaHoeffdingOptionTree,MOA_ASHoeffdingTree,MOA_ActiveClassifier,MOA_HoeffdingTree
Adiac,10672.606082506492,184618.11944550977,664.4871076267902,1360.8836408776165,1318.459991721617,445.1171937073723,1232.595860748649,1.0,416.35383404050566,2085.54512780135,4.443251243019406,71816.56313517927,57572.44198270708,37976.02661009288,65052.37286936995,3519.824905588848,15619.755383987285,66479.07778166601,5.068894624032194,6502.64414650861,4712.556632109998,75279.65624863304,49.44196812621203,55818.290334339414,3.48049079217882,5067.923304609014,4355.696295000219,1141.3962643803857,4208.299826487614
ArrowHead,37633.357869862564,142139.79046056984,858.0617005777294,384.3584756033423,343.5251691230237,345.87561904457704,329.27499038293956,1.0,52.11420397432923,240.5599628856413,7.467254310678109,9218.382741823241,5442.7299543802665,4660.376904043917,8205.907098121083,471.90129900255147,2220.392986932652,9864.796218974712,8.550027062553156,893.8593907059458,597.9985308899712,11632.749052810637,23.21166782649037,7649.866349648184,11.571445140338668,611.499690713678,602.9496249903347,248.8913631794633,610.1409185803756
CBF,23249.841722016063,233204.33686785508,821.4673265187456,426.93159780115315,406.49307023147026,408.0309919695896,397.8558303522384,1.0,48.47316397579161,163.1491491016714,5.682938397617105,5091.847853307784,4007.4301921872925,3127.9347170312476,4790.02652298469,315.30794551215166,1420.5985410461212,6855.97138059914,7.7166992354246915,569.330465385418,399.17642148399705,6893.924993834069,16.02061317801514,4173.4029956933355,8.08839097687302,393.99856760705006,454.97216794095885,175.24832571287638,408.0351268284354
Car,6590.173291770549,151938.70771445913,1314.9535781165957,635.7770817421697,1303.2517327449978,1291.6889880613237,881.7070979916226,1.0,100.7886522753792,610.5286610268377,13.322637106184361,16157.748176779462,9998.012106184362,13240.723016336053,20845.675539673277,1158.3052071178527,5934.961274795798,21965.90125437573,6.337587514585763,2531.818042590431,1586.6521295215862,25719.499854142356,46.60990373395565,15145.678821470241,19.647097432905476,1776.7318407234534,1595.506563593932,273.0603850641773,1906.8997228704782
ChlorineConcentration,12482.464160544732,332838.6713401974,880.9731583484537,463.50575536772453,442.62994634530514,437.8435981353874,429.63051443056867,1.0,34.24339758308638,216.099266662959,6.665850964938068,2120.066316153278,1995.8553347687566,2035.447293883032,3004.487814131239,422.8266368988504,1437.0442524808723,3019.9452857472015,8.26674836925864,379.9649658755949,337.5939871129721,6122.510263143259,29.130967798320395,2058.414387071658,10.868575355743946,332.2726913389956,297.50765316256565,221.49895918578142,285.847441265503
CinCECGtorso,16494.272254010782,1177054.5513651571,3263.4714735525044,957.5153268990665,841.0174431855504,1278.5776977860476,829.5696004628239,1.0,177.2939226880956,1434.4230585001146,25.772955411625052,44488.18555630596,28269.2742272826,29426.497793936083,52239.3702141206,2848.151163724753,15459.919614779292,33152.937542953536,5.715737581035289,4940.396142437649,4134.558013679679,61025.51290763093,186.13506228448858,38347.25258018738,29.378740862611163,4814.948729467838,3452.603955741865,1449.9267402318824,3495.5550177169403
Computers,39660.04010418061,581648.225229157,2576.5634797678404,630.8658694319051,522.9671322074047,881.2032271934266,489.59762380968937,1.0,69.44301285850491,450.97387069343154,17.805022289793076,13895.56987141495,7664.945409333367,9639.368077924084,11074.102442858246,952.7841239982478,5866.482206818358,18488.32063802922,9.08580926121576,2339.3393588785525,1472.050210013657,19524.523810137347,59.67119334140747,10538.443051511325,27.173628469090627,1501.140064936738,1089.1226067462055,451.14922565516525,1461.5173422320715
DiatomSizeReduction,23189.708884920554,231511.32860756404,2805.3296541329023,725.9691544865742,959.9448316044903,806.2399861540304,736.7237573183671,1.0,84.40916844810089,409.92356027725594,9.619161754226859,12005.967955777247,9848.788754291638,8054.263760229751,12729.816004836865,796.3367666429142,3921.243657014533,20464.022111377428,6.2199909308803525,1522.1142061281337,1075.330569411155,16845.747878473798,30.771091101466176,10080.040271209866,14.32283906631254,1000.8816911748828,1045.1221739975385,336.62507827513986,941.7623242858068
DistalPhalanxOutlineAgeGroup,38448.960610153015,162750.6416094203,829.6243681027302,469.3963741774866,445.27606313526815,414.91821752880605,414.04228880212,1.0,50.5831077422848,114.3153956222446,3.959819011524481,3805.480025524017,1747.510828370331,2657.7031286255715,3325.406856678785,220.9438084925362,950.6344071467246,2756.132164127157,8.230199551396089,394.25510480315586,266.28051280068075,5121.842215175189,12.03416737566711,3292.6991453322,6.40204192126228,267.04849562997924,268.80501198855296,123.74651945239387,267.3675264908346
DistalPhalanxOutlineCorrect,18641.723913028807,213969.83562056863,901.4737977684259,282.8373175354659,264.4571499076438,468.3993733261746,267.76124683877487,1.0,29.578934746939286,87.9084942572258,4.833282847406286,3048.126328410956,1519.0123942950904,2064.7412470023983,2441.707497160167,167.43869746308218,743.442256720939,2959.9588918339014,9.111460305439858,300.3156253944213,196.93848289789224,5045.340679035719,12.549463587025116,2145.574024990534,6.823854600530103,209.61409819512812,209.70623501199043,86.38437460557869,216.3776852202449
DistalPhalanxTW,24319.8177344561,164091.1830947495,827.630385973745,695.1698786034841,620.7169177957024,463.09271887671684,591.8329268804312,1.0,74.30961856726299,232.19798644495233,4.471077311056821,7568.848451414612,4257.622468279612,4296.386535582,7946.076463866341,449.6693198833635,1888.5606233745766,6395.111947355978,8.403597604224132,781.777405626921,543.0108164551974,9733.747024982269,13.390929151233353,6081.080010245095,5.487489163842699,534.3036685317992,527.294467649145,182.98006147056506,540.700725037434
ECG200,45198.625574904894,78528.41375536684,666.1390288564522,207.92317944903706,193.1122132417084,332.6391102820303,198.70746714225479,1.0,24.351332696187747,81.28475098226612,5.759371349686737,2160.3334395242646,1585.4573112456194,2090.8219178082195,2975.9853456514816,156.03695444409047,735.8922693002017,2191.496442603802,7.128968886057131,280.95640862270363,198.45678029096314,4221.496761176596,11.701284910268665,2504.3513857916532,6.213125199107996,216.0658383774026,200.2382924498248,72.93485186365085,215.46384198789423
ECG5000,9207.316057532436,268647.675732957,853.4821674879744,548.811871349334,540.9512758685523,435.54008722236733,510.1675967842269,1.0,63.832775168117486,265.87180953967476,5.064454331293975,7549.312348835711,5661.247826927399,4994.1677685911445,9117.031959214914,520.3116966389077,2291.6082780275683,9594.232024906061,7.196748131023981,947.0139837280827,637.8996528427136,9717.862865799903,24.344586216488477,6542.4792452118545,8.687200126981931,645.5117654731728,598.9693891823339,274.2909363503067,639.8711777731329
ECGFiveDays,13926.62099106417,217796.24098286554,642.4849854398991,187.80770576103103,182.42554005033512,328.06172613213306,180.23732568789424,1.0,27.809343946908594,105.91735354854654,5.498420318760259,3414.475201652047,2849.9493796000497,2210.683507774856,2694.538335951427,203.62839543216194,946.4278553400287,4519.43059992587,6.91670049596696,373.53687099564047,262.19619817498284,6994.191706232239,15.365806519935752,2993.5675556418446,8.091171435127169,259.9396720617047,262.0294756164287,102.37674073812593,263.84581781598035
Earthquakes,39238.86576057816,427013.696759992,2312.403373877923,471.37794986780654,454.44137325465454,876.8476181999214,548.2698019424586,1.0,35.10578624131632,321.79139039509835,15.876796064838121,6614.732434881413,4856.302141614049,4303.97143555741,8268.81377019,639.1832525493693,2629.7835517137228,25070.515627022596,9.337566700706201,540.4385059041812,687.7240927984811,23016.575387978766,42.70164108907331,5675.066535302832,20.943820386324735,699.5157708516116,680.2296517899522,338.51181555366975,679.4069498180561
ElectricDevices,10057.893075692484,246681.2816830871,969.4465340771354,780.6082980447744,769.1873957048045,515.8760010380931,732.7281587172866,1.0,85.16882720924917,292.13355522391026,4.512036993054965,8963.879317448975,6112.7889844915935,5576.875934961686,9573.95621766781,572.3656510735697,2283.4387109210597,8627.558634566545,8.101155370168053,969.66450354653,672.6686250553714,11874.81727056916,22.71256369780315,7537.150278210133,5.515669687191731,696.4250368129944,659.1522649519304,313.8534771019309,648.183586099325
FaceAll,13529.60754124575,245128.217203084,869.7351898152942,1006.4922429132516,984.2410371475521,515.5049729053488,935.0146626364595,1.0,181.154522555691,697.3044078538279,4.807026850423853,21671.087514184037,18278.698321804597,13612.343965065993,22906.066727325742,1342.1695479727805,5887.7172221422015,23835.562193703867,7.307193721434318,2404.1390861089544,1754.167334736221,25398.050535568116,36.64569595750586,18310.47026007286,4.15863285215931,1783.1595251729311,1604.6552550315998,635.8972952844007,1604.391806106425
FaceFour,77889.44403003917,137499.1972751317,1953.6747553147702,588.7336383861008,546.4663000305552,643.877119551945,596.7112486055249,1.0,81.97622541825655,429.43616084531845,8.603561295372275,12376.012718912043,13199.469230016635,7212.676352607377,13493.026611877509,833.928382741415,3737.332354955484,21519.68848449271,6.429214362586832,1522.4679581254284,996.2062420506801,18066.819880637904,51.14382154388025,13828.681929361119,11.143430192740439,1020.3496722434205,1053.6245964191373,219.59025535661877,1091.931513550533
FacesUCR,10460.089262269215,237974.15746950067,797.5225244646268,944.9784206301296,919.6914783367397,477.5589680059903,867.636540941375,1.0,178.87268159818692,662.0659835757829,4.863169068406933,21540.63808356827,17179.28997003229,12553.99435460199,20330.859537445984,1407.3195076830657,5349.856858100497,23778.667453973285,7.445624645882682,2581.0294762135554,1769.362056372064,23716.281252773206,34.99603729921974,17130.317947860276,4.162979295656388,1794.2179348901977,1594.2490391901208,615.5558361947151,1514.1792635725062
FiftyWords,9864.162190996887,250037.4293102693,3267.2286689863786,4068.3984847651636,3897.61891973428,1593.8804374736471,3214.7838761365033,1.0,677.3641162631683,3222.4560652241944,7.066661258358733,99216.90479446498,89117.31718567108,69250.76347537867,113166.01435905758,6677.198813262717,28270.408810133627,114240.44858437541,7.326914830739279,12484.477273517447,8247.958580087383,137727.7695886982,49.44004890655604,90534.02849212513,4.110132464913602,7856.188945032278,7994.704132719876,965.7037676590913,7875.574008830995
Fish,19459.720293129747,260173.0146317788,3119.6144298325066,856.1322173685659,820.7382337461075,720.0326931001282,792.5017354710609,1.0,142.81164155220696,800.6168655820777,9.794705960794774,23450.4056707561,18253.300623416457,15516.357764368584,28024.40345379384,1599.9213395119352,7426.976463528471,27118.642535671424,5.684624616615549,3241.699343245766,2187.3235431390854,34028.4972162955,42.123983197759706,20425.63775170023,13.055207360981465,2187.640835444726,2138.8643485798107,614.9012368315775,2188.7400820109347
FordA,8705.98774097497,534259.4281171872,1996.8517320142357,509.17917070574913,450.0319372383781,753.8702279053515,453.4162506232616,1.0,41.92609417873802,286.3382772414946,12.320665789276674,6100.614479321843,5572.152458626867,5095.53612832317,8463.989623217778,553.4705920646477,2358.4105718622554,12444.711830551618,5.936621773665933,997.224464642015,685.5259913223019,16219.497211049906,50.57721447845387,5834.245433033192,14.313009060697233,861.5088236283367,527.46262611577,278.63854642590167,547.8055742112442
FordB,9920.852249624702,562769.4650938906,1993.6750894989275,477.84532251178314,511.37338053367824,812.1313827510651,456.00044859250943,1.0,56.344945200566684,297.6330243844125,12.899860362548678,7430.524966871079,4758.184682610941,5143.422548269029,9899.310996004182,559.1133937496344,3351.776960329229,12399.220067605891,6.4244673301777135,1495.0011585584532,990.1431894313017,17134.541502081844,55.442575687822554,6144.696550522561,16.106851900366518,1012.7585225899822,808.0256625148478,296.8105305460104,900.3230673947824
GunPoint,34706.150960445135,79080.71720655536,538.6629482537664,156.31603366290102,146.62376337089708,263.25971759221216,145.07412713234993,1.0,25.677578192704633,97.68502324115653,4.8861577247301655,3070.525250137871,2560.6819506814777,1653.61333018199,2917.3490506578423,184.26234932640034,881.5050027574252,2950.9369337430076,6.158433782399747,338.05388796974705,242.41613487749152,5121.722681793113,13.265855195777197,2937.1456314504053,7.076223115102811,242.14054990939883,243.6162451745056,79.06956590246591,260.5069329551721
Ham,28218.354442524123,181675.6700694166,2682.875881468429,341.09766080247584,658.533499299295,857.5426519955045,324.23310111568014,1.0,45.936384650947765,238.99361997226077,10.581291416242873,7074.36538757898,4377.946771459393,5161.177870241948,8486.832670673448,431.71379257204507,2368.6000308213897,8739.214116196641,5.816335336723686,902.6592695330561,712.1951918631531,12213.295176452459,31.128679303436595,5745.57870241948,15.719895207273849,638.7002003390353,538.287594390507,214.99852057327783,674.111604253352
HandOutlines,25461.81350376468,1581841.580509873,4000.710269211998,842.6609742427707,705.2024055011614,1129.2382068146876,637.4704538296213,1.0,114.59965884276006,1016.0001830351808,37.77525821942359,38063.187733083854,17158.639931666865,24569.35522298515,25480.682169577012,1897.0241835232748,10688.303853653202,39659.13515114384,4.861955883437095,3268.553938179867,2401.1554934704736,55417.46948015467,241.41223844399755,30447.332305455206,60.0781992388787,3009.1366281360665,2367.400801287347,972.6828661275601,2343.61687686054
Haptics,15315.130870176004,614790.0646782542,2490.5950433734943,859.7272139278858,788.2850899467066,974.1688052663707,782.847629337374,1.0,173.02466234277122,1212.1812001331461,18.629974076801258,43563.190046298616,25431.258324171107,26663.232199235412,47204.741907826385,2300.625434995309,14220.857371972683,32495.489998890444,5.152139924752117,5641.259463984909,2993.7385287323855,58594.285145099304,152.10909934536357,36512.042072242,30.286668213316652,3913.9087039409305,3065.3069125167685,1091.6320015332008,3901.8758813383224
Herring,56637.31361802259,163572.09390479742,3237.124506957831,382.4160806486925,748.4111043313968,579.4852512455376,366.8853219519446,1.0,35.28400525551484,294.6471889910795,13.289329921858794,5435.780374801189,5835.167208353502,4778.101030357513,9080.505290090587,557.2645045294241,2124.361593250813,10254.096881266858,6.241407924763156,519.8636332203859,545.5052900905883,7813.6191826291415,39.4327501555909,4683.570015904847,19.498928151580113,512.6587372934099,512.6922066247148,240.7594218933684,333.6086024479635
InlineSkate,16480.048414125606,926855.8929124133,2476.6691521607568,972.5600658241956,861.7916404054314,1280.8848444754196,868.6128697557104,1.0,282.77479013641135,2448.911042978314,25.346876093039526,70824.04765105806,21103.611041885273,47613.636717383684,89666.48453895592,4725.741507082896,25938.011045164392,27690.889499169283,4.722050979363414,9515.065724466596,5881.654839979014,101738.84229625743,177.68004547044418,62604.384023041275,36.68855478314096,7490.497294727177,5585.892499562783,1802.872108910458,6158.530648828261
InsectWingbeatSound,8325.534862697594,306952.2949063673,704.6802402904232,621.3387565928927,601.2552511697176,384.5946940897106,574.7592655797915,1.0,174.50899300031404,801.089418152748,6.438539696108619,23920.10574987402,19693.527052876267,15369.436120279568,28810.274299042,1586.9094367798807,6788.206104211685,24472.433703501436,6.838321236250617,2766.974499824546,1770.0648651643598,33789.231279863445,54.0678940522457,20908.557056807484,5.57755456879243,1949.700272019461,1877.340058625339,810.9853331117075,1953.8459040095831
ItalyPowerDemand,15298.398084024648,114928.29971743142,679.4842983554502,219.1518117880183,209.65861379610146,368.96209869599244,204.23737128802713,1.0,12.594421527465155,24.925381498801066,2.0613705476494526,633.4190377318622,672.7951620164082,683.1795915367443,858.2434426304814,48.03096089005668,217.80953999650885,1854.0814813453744,8.363831800600842,95.91178443135776,89.25698457467823,940.5426240502723,5.362536404310638,715.5473830238774,2.806094793609378,89.24561081150607,67.18313779892874,24.930168034029418,76.84984427682895
LargeKitchenAppliances,25759.808109355392,599134.3772056705,1907.0486381323553,726.1485265971991,750.7884405307349,805.6190471579137,659.9426830924804,1.0,92.57479341579533,566.0888293684374,16.178092876432107,15875.835777514516,7655.277238578082,10606.619870346798,7378.2315214751925,1081.5272367385085,5962.323595852864,13593.598619583372,6.703512115436973,2652.7014665087086,1609.4085768316643,25001.611474529254,64.59051073943533,13981.4361925225,19.055290248048212,1576.335376487296,1274.8960566883247,574.819162478569,2031.8189564462366
Lightning2,57643.03754018234,206933.4506321915,1590.1647369449884,404.141507272592,388.5463254006702,828.7549799496077,385.4237805489243,1.0,59.90368626296814,357.2644397027444,14.883599440806416,7866.574939298067,6382.078802148482,5519.209624015893,9485.806783901111,665.9584283717166,3103.6040762269154,14360.59995585314,5.973291148554191,785.1737179015525,1060.6240158928701,18726.355455816352,64.91538518137003,8282.753219042013,22.780001471562066,1087.6928114193215,1065.5647855198292,280.5663306599956,735.6895739827828
Lightning7,62100.55264415574,144256.6628552203,1622.8180745245472,890.5241837933094,677.1345199966405,694.0736143916411,875.2360732574705,1.0,139.1736029360848,787.7341596842324,9.224153451977012,21991.763451284543,13899.733397964133,13536.51118343605,23133.63382037255,1402.7842254691504,6011.161692403574,24109.543521916767,6.743300325462226,2631.9957066685133,1761.0700782494287,36372.022159130254,34.53992105809847,17434.637767467622,10.696212173672185,1712.5762758811716,1492.255314728897,302.8911432726266,1949.7707222491522
Mallat,9865.643773513262,788319.3292461615,2562.963587008717,1002.2350448138716,970.0631549042298,1065.6734862772582,996.870695718479,1.0,258.93949084766433,1893.8786627741933,17.336996253552815,58873.580262987285,31322.59337555242,38487.70030525308,41066.660690692064,3799.116507848615,19110.542330647622,48803.619029428366,5.094456730112113,6897.974055239945,4492.400652561707,78074.45098427474,144.75604986384522,50478.52508262161,28.063580958655905,5397.287941977382,4474.781817640194,1937.4448266435827,4554.851275859773
Meat,6726.45688964075,144453.69433180548,2877.518103252629,1070.6835569676832,622.3949017637746,614.1786050642193,1549.5852161181585,1.0,76.90737339281029,425.1995976559083,12.339805825242717,11966.823493396307,6818.573515262836,7092.1674101285735,6883.823580862414,810.026239832065,4757.016706026414,17084.123327210702,8.533018455348552,1625.2392198023267,1128.7287676025542,20982.08335519986,39.91375841861279,14016.062625732528,20.839324761654858,1109.5171870900026,1189.9790081343479,217.47345403656078,1095.8709000262397
MedicalImages,14359.783648891855,211119.81269110402,890.296171484465,815.0419593851137,793.5101990815086,424.90160589982725,740.4672991054539,1.0,68.3363291360338,413.4682344347937,4.984407005732253,3713.6913158772254,6386.3229591755735,3536.3103672769425,5635.689100782827,825.2998237451769,2520.731116121759,8124.802292900585,7.873509376439018,574.26148435143,582.1790256760406,7782.56239579529,23.89521571367325,3752.6291741429413,5.896589230989093,565.113962240183,628.4022738460072,334.7399209235118,566.9708464995158
MiddlePhalanxOutlineAgeGroup,13868.252376618882,99685.89037046295,451.96051089102224,253.93106398788663,239.16707053154195,244.7406585012104,228.44760398076477,1.0,23.072340759510706,68.41112693269349,3.4085593514895334,2051.6510892598862,1165.7114218121071,1806.461906737378,2483.2137371200483,134.86722577896376,645.9105719315162,1967.8519212010451,5.124432385159605,237.22231441096997,161.57895031898553,3053.8809718687285,6.867203354673782,2180.688022065501,3.6507753198264363,200.4496294386079,164.9676305373981,70.63745529157183,164.90505555617844
MiddlePhalanxOutlineCorrect,18659.470421637252,218239.8609555665,858.6257834624834,265.2532475347628,254.47100788724012,471.90736655038063,249.07540914919707,1.0,27.63576590228813,90.20447856525605,4.804175485616241,1660.5914185880497,2330.4590779866494,1487.6210377346677,2834.3611657294578,166.09897679311686,683.249990607036,2643.4036594987915,10.50216038173006,168.88853682668102,182.43609653462246,4675.156136110311,12.740052851077685,1615.9249940511231,7.070334514759478,182.21603817300587,184.8311395543978,89.70708980926022,184.3164677445615
MiddlePhalanxTW,38511.95522801656,169804.55789700832,840.8229470794819,645.1014259080422,632.733087752015,426.8654141339119,583.8221401531156,1.0,80.73405826285408,239.38156607790114,3.956964501467119,6740.213700784381,4333.341042901252,4922.688395374259,8265.736033599907,450.0895805764915,1871.0033561551882,4889.957789156742,9.450261780104713,787.8225073355962,629.7845923709797,9327.948871372953,13.486086339489479,6499.220508984906,5.2371363366127754,537.2394952342595,531.5207793951249,200.42151391366048,513.3826016915021
MoteStrain,21906.08400848227,218727.22977529516,778.449354515262,234.62563387400095,232.06980734997617,421.5425059662067,224.93740059139486,1.0,32.70003342511977,86.39870597036307,4.679071100004775,2466.8886545593455,1509.0720948000064,2008.1144094099668,2111.6195505117225,161.0248460056982,730.8812771579098,3228.0757636048193,8.625527241472616,294.1075254269661,201.22744998169577,4677.1454629379095,15.853088640234294,2396.242093367501,6.667762267814793,205.38208891081862,204.68909863593677,84.55479332134273,205.6965954128002
NonInvasiveFetalECGThorax1,7473.29721005086,534340.2384660027,2051.168224051118,2598.713601824466,2574.852961197617,2404.3647367238054,2480.5131183356593,1.0,882.3698760639801,8039.330403912567,10.525932383097949,245927.98018346567,190499.51470074305,165924.85092729895,268481.96051007864,15228.875849752505,75530.25605316002,215138.31035340627,4.32806814210488,26327.706536998176,18251.242603229013,297098.0874452832,218.0940833729869,221003.27764768375,14.120954605495676,19277.666002594426,18170.905170286158,7029.922998552732,18171.89019312064
NonInvasiveFetalECGThorax2,7044.099019198651,522523.7189334473,2351.7227078824203,2600.0685650668984,2704.64461744817,2906.4726429591155,2527.7972001227445,1.0,847.6229123218504,8340.678088839333,10.122761155947366,228897.77096825125,188910.45695045416,146949.34045738756,262524.2045293926,15509.29020483461,73509.45591636385,211558.57433896206,4.221299179467627,25714.360083921143,18248.570776453555,288771.9268722908,211.9802531114179,207149.8811133128,13.56475870263067,18440.263523571284,17811.895515475728,7132.701485854915,17876.008862943556
OSULeaf,30842.892548993823,280708.37281464285,2933.225403073717,625.2529954758081,600.7582886881772,534.1860127073119,591.3517719960807,1.0,110.16169094530706,625.0638484244884,8.892234034894045,20980.581715423938,13957.320910029039,13249.530790275747,24009.488852624258,1197.9012575295783,6537.611365763519,15685.654911324968,5.135160431015863,2541.2090882910557,1816.1310926588112,30403.001847896518,32.73527082483381,17279.478089227006,7.748458086347167,1938.0288583839304,1411.61856536034,486.3636276368523,1695.2854760133434
PhalangesOutlinesCorrect,12656.270611668291,237500.44537311947,912.5876513403975,288.4203547691145,274.1249032875318,462.034198062145,263.3529851736831,1.0,28.759796875368192,86.07009606396933,5.711584230742041,2212.6233868243908,1890.6408205104035,1541.7679226461184,2814.8480335556237,165.8534926282882,845.243580680381,3732.5240395566757,11.042977433214723,411.1691487774033,228.24017563289894,5913.416637211238,16.660850201475128,2286.299349624149,6.780883034458923,227.44694881039342,216.47849361013579,89.98742056852902,204.71833148745984
Phoneme,8133.5099730274915,628845.0233811093,2874.185069687317,2696.73963444641,2550.745511888338,4180.734808072618,2531.770876145357,1.0,757.0451852457257,7478.23088609299,12.762016252970714,68783.07663030502,58186.61148957788,72423.50741095081,98716.51932263799,15626.846269845471,63287.83662735635,62886.0568581543,4.240802616628927,10340.763639626995,11179.01271936783,153533.69187944406,330.31450507925376,75486.22935085873,12.831257241482097,10754.886828555358,10365.299433181253,5777.61723308478,10186.123938917548
Plane,41834.050712615914,93606.80701580519,777.0977380779475,587.0335526702905,585.7641308275278,384.0953140739477,562.4067689206927,1.0,92.7587186085722,361.46641228148025,4.970494276333304,12872.024802555683,11752.985224953412,7345.137190522673,16592.991791640783,711.1588872127074,3970.624988907622,13070.608927145266,9.207649303398703,1284.057014819416,1084.109947643979,15756.149747093797,16.97661726861301,12319.650190788889,4.799627296122105,866.7645310142872,909.6465524891295,232.20724997781525,797.7361345283521
ProximalPhalanxOutlineAgeGroup,21894.138370769917,175242.9835907668,844.2384484377166,480.7432201169436,448.64324464316996,420.02359100160317,434.68062332583713,1.0,39.422184081413285,132.98968464485702,4.255162011754303,4465.68637853019,3603.0799223314434,3057.6941627225597,5299.7905722855,241.21280837710856,1001.0639725386173,5386.754303843552,12.512023023179207,413.26372635703257,284.165773825003,5430.7614292401295,12.379483712140912,3196.046618470553,6.013921395260136,281.19966713475833,287.0746172916558,114.02127216934515,335.81141103656313
ProximalPhalanxOutlineCorrect,17220.82409476411,198861.04164400292,825.3072923794628,260.6451068002009,249.88080025682635,457.2380737492462,249.97385553841158,1.0,19.834523372210487,81.72266737074112,4.266668197263293,1580.2607333088438,1764.1613554963726,1427.708742767931,2454.4031247130133,154.581412434567,624.5901368353384,3565.617113600882,9.65392827624208,150.6536527688493,115.05836164937092,5170.604727247681,12.115449077050235,1335.882358343282,6.623094407199926,131.52303930572137,132.67407475433924,85.97963541188355,156.69612682523646
ProximalPhalanxTW,20712.341636336467,163459.20636590436,808.4024178703515,610.3388462296156,581.7463888743508,416.3008168099623,562.4766429996909,1.0,67.93655919160763,206.86725464681027,4.616334923771427,7313.271161662409,5799.702620206595,5568.394412582133,8086.692338586598,405.4348000706861,2302.9180040805177,7402.291644577248,8.188860507333686,717.156617989622,493.11757996369306,9800.713801468344,16.290118399280285,7678.766446575739,5.435908557842145,492.2002345494562,499.346474528893,139.9298761386091,581.2231754140762
RefrigerationDevices,12324.643124075807,536658.193873624,2228.8014023457445,709.0545610065586,605.2319794133432,781.9843524701903,609.1650456368777,1.0,82.22668159957836,557.6155280321497,16.501871005995124,10693.534923249224,7318.888925489163,8628.019059226563,20935.043876408196,1073.239277949799,5621.651063969958,15063.040938138216,5.293115488503853,1163.928420844588,988.8081428289082,18965.670426246787,54.32526516898345,10531.405171618684,16.152579221292577,1097.4210883457408,845.2204888332565,534.1297384544437,869.0263060807695
ScreenType,14340.56490800366,566513.9423287131,2904.24191998401,858.1816027798177,651.3354098369873,828.935882071792,688.0168484063522,1.0,86.6007812554302,572.9222289412044,15.778106776209244,14489.113643472278,6839.920755398934,10955.082997963455,9557.684967783638,1089.2405001702914,5244.075998637669,8772.685829666854,5.682507246074608,786.0604082824196,1089.358015166364,23911.301478407742,60.74682180564533,13511.774075386982,20.381786461482857,1515.3537405036454,1262.0357125480466,543.6025258738732,1308.592322288717
ShapeletSim,6375.3219003877475,189765.8263249974,3163.719871789554,373.5651605274353,362.0555832044121,653.1519763325415,362.5103438026637,1.0,42.78564244841341,281.7666724466795,11.903346627362584,7447.277579330676,6283.409155540144,4410.109762441479,10492.611340384954,537.7972255938964,2835.4470261834576,9678.642344373162,8.86284029824866,1062.7136812900992,820.7916074215365,17063.363863360504,41.48187966013527,6262.133657014048,15.793063984740773,774.2055488122077,884.3722559389633,277.5002947806486,786.7062250736954
ShapesAll,7474.630613560611,320432.82938768255,2675.468304449797,3654.9462789421523,3500.8672683002783,3297.1919604008067,2957.6879788138285,1.0,897.2646707954335,7390.038375898097,6.8761039343483965,218279.09369656866,208512.84466640823,163457.1863714628,237810.6829263162,14618.779892243385,60728.403711683444,232060.4608292992,3.937323272844192,23852.80163888613,16632.551905573233,288642.0508974209,220.84688404294639,198089.3115776758,4.870298419108919,16681.594755804763,16161.4005535072,3064.053424562858,16316.1029517379
SmallKitchenAppliances,21447.013457049394,492315.3266528633,2670.999912228302,718.1160109630736,615.8017887395367,672.6455849862278,634.0571071164113,1.0,87.6801402151577,492.0876223860751,13.071322373987668,11584.465858817839,6516.285924090414,8362.800374712919,7756.990112413875,902.4111869938354,4652.451353801523,5403.741992022239,5.018735646077601,1405.7576151335666,1070.3536564728633,23019.931886860868,55.68009790886013,10238.287827873804,15.096978121600385,1444.9481506104191,1025.1692856279462,467.7459688142148,1139.0114408316206
SonyAIBORobotSurface1,21954.66866468695,176752.96467101257,808.3733088232553,259.98992437074406,253.9627606867016,480.57568560714304,243.18551765166887,1.0,37.23008114271571,75.47842381600579,4.199002952251313,3206.3828380504533,2501.791751374476,2201.6129015150177,3424.741845952587,140.56534728728764,640.9098237488289,3639.0956741563105,8.699824986299433,256.17534958544735,176.93319426520762,6906.747909558578,10.795622889670657,2061.660738593173,6.0351618434776455,179.56140505948696,175.8076617108915,72.82436756412748,191.55435147700956
SonyAIBORobotSurface2,17122.43886364365,185666.24757952176,837.6943471586652,255.71072983521574,248.51463371870685,445.7328069365811,243.96655400685057,1.0,26.530727486873538,69.96584367122745,4.112023512058736,2643.5616365977967,2036.7144759870994,1624.4140037645716,2429.710590333198,140.7210915054983,582.9049170583509,2037.161469283521,9.302915891553932,237.75158233073188,163.42492322256103,5085.210782964765,10.422138320472884,2386.344887558203,6.083260867172281,164.61941506048632,163.31724768016556,70.16476053144298,164.60149482096273
StarlightCurves,10413.4456783704,815721.7971488263,2447.066096300538,687.2668248762661,653.0643622923575,846.8070519208466,598.7657983860879,1.0,84.08752274966258,677.245716696174,17.03775161701683,24271.086001241605,18276.861534366355,15915.299163148462,24406.197769958235,1308.4488744996838,5797.424515337118,25749.70823259219,5.296614478778476,1974.3866814764237,1593.2253719978844,28494.04767922488,98.1851221185971,21221.584462488918,28.144908055105024,1787.9905945952635,1481.3949451974106,677.8144118338923,1484.8034495474824
Strawberry,12544.750371898315,328154.52513953316,828.5553033517012,234.33187364645096,227.46584278115174,388.1291365255945,218.39646512685502,1.0,41.85262673517907,189.32485620062886,10.194048623360686,6706.429940946391,4752.285374645295,4857.887169261447,5895.379676355548,347.50284531022317,1687.002691924227,7125.62076079454,8.042173479561315,654.0027839558248,390.60286064882274,13207.085635401485,25.78659406396196,5707.329626505101,13.08696219035202,446.9127847227548,491.8418743768693,178.35701357466064,495.7138660940256
SwedishLeaf,11185.273579824316,192005.60045929207,683.6141122716978,844.5239925771614,813.7523005877945,390.82471794369013,770.7022918820558,1.0,162.66589324305298,657.7417275304116,4.126641484483573,26077.57193145712,21122.27006973057,15171.993339169723,29050.32719492112,1294.018525434209,5254.165363682559,26045.214903607743,6.278114152427715,2246.72285925935,1464.6264792491875,33539.61204336887,34.12211726244774,22949.269635062414,3.6936752722798043,1486.3062696289405,1514.8842435855838,536.7623650845154,1484.9625756842966
Symbols,10499.02865220177,379461.75493724825,2742.64783454704,999.4632635726716,816.7297435569498,715.1054822022461,782.0272914060133,1.0,119.75836665507647,651.0929079015995,9.644319367176633,26339.66815346836,18353.203977964185,14733.246419723575,27728.549569714884,1250.6412063195412,5544.135653902989,28632.309185935326,6.071583796940195,2056.4996033988177,1708.2080309022951,34421.0764408032,54.803182588664804,23162.222015168634,9.3014983918637,1690.8191444280249,1685.4133236265643,688.6249185066064,1478.8192911161334
SyntheticControl,19208.877777703627,122374.01760220029,739.202065022665,588.9858522389007,580.8841120405049,388.20127771681615,542.6389235513235,1.0,48.712143793966845,144.3540151424824,2.9578067246929765,5121.892348277094,4088.4726809347785,3077.8910367235007,4951.669577918206,294.4720251579825,1199.1100661738403,5061.7471980445935,7.415136520806008,498.99584177894354,343.44206808155474,7139.5421336592335,8.276335400023846,5310.170814951709,2.9432305949684032,331.5567246929772,340.9809973768928,138.1860170501967,359.10437283891736
ToeSegmentation1,4085.6276790777165,23428.81407338128,151.54239102089227,44.83747551206642,43.824194010753395,84.81083034417442,43.60435718549132,7.731768926494576,4.284990914972668,25.230387769887304,1.1387742767814595,673.1432838596451,620.8176020951739,496.16050860656213,888.991414746026,46.42616332903296,256.5762580535184,899.4346052371599,1.0,107.04451082261144,63.215503047067806,1174.5455471743435,3.780626615062162,715.8805309220237,1.485334170163143,68.49260606624128,63.868040462270976,24.958313477996413,64.80183792621176
ToeSegmentation2,29558.080353649086,106960.1358964655,2410.2241998316463,270.4123942582751,268.1516270063436,425.1386012396935,267.96689505190557,1.0,19.3687414677342,155.77002545843632,6.8556248385787555,1706.5836254289195,3213.0725749916987,1334.6816219606687,3986.324281444858,291.20200715787917,1048.8044127956314,4443.560122495663,4.551378076227723,309.76921374017644,246.37077076338412,5366.21761428624,21.196657196620297,2555.577795815962,9.831752942478692,243.10526509980443,245.839574954802,109.86174962181309,249.8854001402058
Trace,37759.91012613679,146756.1455996525,3800.698916262599,766.0637539788028,980.0369665673476,682.7163835727873,661.7896683002797,1.0,88.18281092936125,436.07100429498314,10.12003107009047,14957.428173261447,11170.6445673033,7542.5196472630905,15523.311112126474,826.5313899296353,4242.177647811386,12483.891528831216,7.04866124463127,1621.2302841999453,1046.7652837430321,20605.128712418897,30.81179749611624,11443.600932102714,8.849081604678787,1046.4809467239334,1073.210499862926,313.33962350360963,1055.152243443297
TwoLeadECG,15009.161540562513,208664.29209894477,908.6388265733675,295.1901038655214,277.328682281822,485.4868218426779,267.019502123945,1.0,26.819285640263917,84.57544302048431,5.790389996200215,2381.4251269473907,2766.3004507927735,1851.060969290822,2740.8247003350725,157.9447908390618,701.6772254654737,3234.1819838336387,9.039707761926147,286.33825866178455,199.57494213962488,5541.389054889633,15.605754948357454,2157.2190058378533,6.4583578016511805,197.3951518187157,196.91017824449898,83.64474593250199,181.91278627931882
TwoPatterns,11346.111404907082,270964.3420266492,821.0917105908876,490.43789611615284,481.98575951174035,415.68140946624015,462.270530641089,1.0,60.56030800160972,208.43351916927796,7.1050778507239505,6027.405630307142,5765.193253666906,4008.147831343356,7821.96647375874,403.6496557460687,1783.688720021957,6369.8552719092495,7.784129464398469,690.023664195402,525.2495011727701,10904.400961115889,25.896722136815885,5362.443462037774,5.6606375222472725,513.134024142396,494.6492331110149,216.16372646251088,509.9781627330175
UWaveGestureLibraryAll,9024.956812439415,707003.4824418686,1888.7962778508743,922.0551450033619,893.5670857459963,980.0433086132234,875.077423843361,1.0,213.99070052276247,1680.9969808366993,14.474702276952323,52034.85771494066,34620.579902121804,35412.068295465666,60857.5665779671,3248.4676453321777,13983.12557046112,34422.48754158338,4.9079391065513045,5538.910636784871,4002.093044567603,73045.04039703395,130.2798579176159,45459.84338265099,14.240054931998937,3689.9458787023186,3854.854233642705,1696.229975329522,3986.3424347944588
UWaveGestureLibraryX,8214.108794237392,361686.1366506852,2863.4065099193576,1066.1219179094624,1102.2988051596503,834.9115409660295,1032.242898214773,1.0,132.61814865099402,748.9398766390987,7.234098912745119,24683.990049396056,19303.616166900334,15021.16232630448,27299.5224867155,1401.432107807236,6196.914550850369,19315.32776063406,5.994199994337855,2383.98562553775,1621.8751804808637,34669.908368034485,52.5583416316578,20960.382735135947,8.048103612325258,1730.7744656966345,1670.6153618910578,780.7289408219712,1771.402903449354
UWaveGestureLibraryY,9588.42246046155,374633.37361209927,2208.4684012394623,1031.940152474849,1013.8563809404137,773.4959448138219,967.2092544211893,1.0,138.55859035330417,743.0816309877472,8.361517767209392,25009.88756231592,18326.787980517907,16715.71531664775,28922.620639798035,1451.4821154900483,6923.319651668345,19252.87995180477,6.207896112506534,2537.730957147046,1653.882770843161,35640.723734237734,61.445126289349865,22231.716512603434,8.520586247784676,1604.579478777524,1669.8431028547384,757.4088141168671,1845.5495939105706
UWaveGestureLibraryZ,8972.48637114415,349612.96568989824,2332.0436491286605,1001.1000565475711,960.60400641014,732.7551064538687,923.4799777193831,1.0,129.98461728959498,677.223856535985,7.0466279479559555,23984.898501495405,17380.1362167581,15361.46832971387,26995.103143930733,1362.292858469539,6326.047545910009,17306.542541766674,6.067145769040269,2220.7931489789307,1556.4491656189275,32698.428679944373,51.52320860479292,20127.63639415933,7.500270268983121,1555.722768316379,1574.1105578732806,710.3318141120889,1652.4392323408385
Wafer,9870.708826659611,292978.3644698749,815.4370936057445,245.3013858564641,239.98712238512542,401.92222976345414,235.60364860605657,1.0,26.36928482143643,131.21663541694176,5.344450092868901,2537.9519073335623,3758.445625478649,2161.62312721719,4537.097491439336,246.7203776815345,1152.216059937853,5030.744443270746,8.26968402566879,334.40943521623933,710.0628691648841,6866.5675808311535,23.98465572486158,2405.1492416439996,7.792740600874993,733.3074400753515,265.6461463807537,127.45412892492145,264.5373929366819
Wine,83433.79884552042,95883.44844141426,2535.563748826655,205.05679527532158,215.03351400810072,393.61450672376924,224.39663044979778,1.0,32.12496425507578,144.90182060814035,9.756267276713377,3369.1793918596895,2736.5777332952057,4258.814602993042,3823.8407206176726,296.9600610046707,1287.85091983605,3717.8903822323905,8.802497378705562,476.26089028691274,372.78019254599184,5955.4777428271855,20.827566485559053,3049.435134877515,10.669526260604329,333.31474597273854,308.8225145362692,78.0946525593366,353.8523496330189
WordSynonyms,11360.416377093987,271744.0330319143,2039.7232788294714,2131.015776292643,2316.4086410278187,1204.100923894761,1994.529017683237,1.0,365.4743268904287,1781.6235113620646,5.999981136583709,62959.866698524886,47451.44647191238,38029.06267055673,62092.46976823149,3591.3845055898596,14753.47366667086,48039.00040870736,6.070228498849332,6219.048302921316,4651.382946214113,74790.52005181152,36.99017844791811,51228.080590802194,5.024660772897044,4255.900294269294,4126.631163621273,854.5491454872421,4594.7189225216625
Worms,26196.53288380564,338092.2980725097,1971.7049345472315,778.2058088071129,728.0419232247683,797.6227956446526,835.190661672851,1.0,96.54752109483228,1013.5116493849964,15.221317325049325,10978.58700306452,11615.31262331556,10927.888480752275,15740.294194198394,1967.6597959783385,6970.26277234373,9558.802632131314,5.262121657361152,1850.1308089500862,1616.936127786407,26300.36770076823,77.09556693673649,12088.493136308298,15.39601612023005,1888.0770958398052,1910.527853574577,811.831808068511,1858.4656605516136
Yoga,8960.04529718028,483461.47599686775,2095.6445791913443,452.55012414819066,442.22580872666003,706.7963154489653,409.75474508093214,1.0,47.23396417521124,261.45663771453945,10.761715552287265,6724.682750475213,5980.283943016108,4501.0095597519185,6281.163719423364,485.8382854883243,2589.7464324365574,9033.807936050947,6.341721240964023,882.13248893483,583.6291589777032,14690.88425450585,50.35848029081625,5876.2986485924,15.31760159837942,626.7410975677439,590.3740096846253,251.24827431909313,588.7501959818518
airlinesnorm,16905.232687981283,130842.85781330727,972.946746294063,337.8665428681849,327.60745990410794,520.5546933200502,318.8514604116754,1.0,14.949851678534687,10.28337729061874,1.6264702539639635,257.4952410728603,258.0481560735683,170.9424656289481,380.0912122071185,18.63030951371719,82.62330727337834,18948.008037658834,10.205295790931578,76.44594546878258,73.79421200030862,553.7650956983172,2.9535683743334853,181.72714219849794,2.2286090937381036,77.88294926855698,20.859002292147984,13.94924114841887,20.77289613079739
bankmarketingnorm,13229.318256022369,144361.23501666455,883.8730536580993,301.4289370642592,289.2426577427085,483.07236322884216,282.37582307737074,1.0,13.201796072948836,18.79310992404641,2.192869178282281,424.31072401093405,417.2122574284284,286.8700439758785,501.75747537768143,36.060338504715816,140.40407468074454,3448.4102028733,10.260158793089062,126.90922997871633,163.11067993072365,972.5829469576834,6.261072218512645,357.11976645313416,3.580707213504716,168.63361337743098,35.57630180076789,51.073982764376936,34.16586079000084
breast,37352.54142804789,99404.33879143636,831.267265148942,278.8021002205307,262.002856992136,471.24578704632944,264.5660923089591,1.0,10.816073781291173,11.841317523056652,2.026262626262626,367.2434431269214,192.7792709705753,236.06401405357926,352.2341150636803,22.30689503732982,91.15469477382521,437.60442687747036,8.996328502415459,40.05990338164251,26.932209046991655,834.7501449275363,2.7350900307422035,296.9536056214317,2.263100570926658,26.151761089152394,25.668897672375934,77.51933245498464,31.36295125164691
carnorm,20380.504621103824,112760.87599984957,879.0785370938729,638.1854837441431,598.2373193905207,496.91821329482,572.2785587120263,1.0,14.2936573082167,10.51945657920365,1.648891176716102,326.698336069451,257.9858092879602,180.99133949191685,479.65046328501074,20.039831380951053,75.89593477837447,645.5652564066891,10.599606277303208,55.450923787528865,21.467173544060767,524.9835554689892,2.4422145858259827,232.203817579788,1.8419961601602715,22.026864965636218,20.87449567322407,94.44279890926289,20.97641141934945
electricity,12474.177189751781,128498.98426277528,790.2786006205386,273.3354725627988,262.75341362867755,445.87615169767,254.7235321071099,1.0,12.355686295963741,9.838881547149112,1.833480558498665,368.3776227619476,286.4583728373585,203.97341866370078,385.5798273249572,21.58419865760764,88.33774398179496,2313.9131354794413,11.070441469715366,78.4476504118373,115.4153390888335,803.9224196991288,3.5508882947461196,284.6439106751462,2.093293157593331,156.26046331759534,23.77696667307431,31.003705557030596,25.28515046830151
higgs200k,14397.869967680064,146904.8403110344,838.1616785285836,297.4836151697408,287.16279615221026,466.5689857313181,281.76046381465045,1.0,16.25541122937129,31.211138700638653,2.6853253549746015,821.6752571910704,795.1674770522707,595.7217361793718,1029.364758043408,59.760468061244566,283.5470725684436,10339.113288899787,10.2121763026849,280.1090222484974,346.1771984405431,2115.765683422794,6.955904689295977,748.5296037652691,3.3049094021027727,410.77250978722174,72.23137173489152,39.37044428976213,70.68783658636642
kddcup99norm,23030.403566929635,146952.18307744878,1053.8120713566382,1532.3472716865924,1503.594634536431,520.0271769197911,1405.3228032310733,1.0,19.04927194431535,236.26286942362412,2.2248074739598427,1480.9479183232668,1300.6356406226628,906.8177869324569,4067.716959776138,48.940784786139815,782.1039670787787,1166.0754251512587,9.107760983630811,250.10573844012242,549.7938773892977,918.8877740080259,14.453685153152957,1252.3944564350709,3.546362338814933,684.2693089746009,98.23933081945182,49.53073092010645,100.13877434735804
ozone,10968.15572723941,208139.25824968592,720.6390925636016,224.45263335065152,215.3036178434666,389.5520831130969,210.2410204491271,1.0,20.136153137284637,74.25043451887969,4.075297164253969,923.0145772821476,1005.1021498477726,832.2975958566145,1745.8428344240046,133.67175257892302,584.923400251185,5705.797488928031,8.7036095201434,164.1990038144342,123.40245196962451,4205.833766880135,20.0997779773778,931.1643706183584,7.630458704181103,178.90386148276895,114.8448330164359,210.98996426641162,129.1138225607646
pendigits,8962.829584261566,116359.34204559986,708.9529598227654,823.5351299550385,797.3451755461442,379.6622123895588,743.9593387506117,1.0,42.62074181144248,82.98281205696283,1.7073532660759059,2322.4808160695106,1911.5931781326003,1479.948427226289,2572.257899646957,150.6479342893918,574.5029208590752,2332.6736822144685,8.255599990339833,321.83056155092214,234.49898255176913,3231.8003547428298,7.062457457247049,1891.5827049006568,2.4561987418525884,260.8884510010349,162.1188934098872,208.42866010788978,165.14179247991717
pokerhand,21345.90668746141,121264.9071931332,1252.3089067756025,1002.3538366264723,990.3209896027467,504.5990267140658,937.9660915319314,1.0,15.877310017688504,47.75059521673978,1.574058145014728,506.1860394153634,581.0096490719125,383.0326464228563,785.4266232088706,89.30996843039507,217.81929388094738,8617.430011679719,9.57667361962975,85.50262781630903,176.92365137378414,792.0868850910584,5.004519111293159,548.5616319134665,2.1306925622078103,217.27416678588375,42.605151511376626,48.19559471213636,42.629189653609494
spambase,9698.727112725352,189592.3178964679,728.1067626958395,226.2303278236405,218.85953869483214,418.49605522512263,213.6921647468083,1.0,14.58635098094231,50.30510866984655,3.316446161483176,1135.9287786243067,890.8432089439492,941.7809941078713,796.694666868107,58.38798912222391,391.41839293807874,855.7741739149203,8.781028640493819,145.87385232987288,258.08717544730536,1292.0226728249845,10.822236850624826,1022.886996309326,3.635549176612782,258.8831308138908,96.81156842854986,48.342945632702396,106.78953014050462
susy100k,8299.18409412315,108475.95623014914,638.9998836778741,216.16650677606685,205.60650649480658,345.7305320801399,201.19892134129944,1.0,10.05025367707436,17.630128503856383,1.5773086630263766,423.8404518252806,450.98471324126155,291.7329303927334,599.6778765120955,32.99780688825239,156.52255435186615,3750.1398064948653,7.3120146842019915,97.7117860509993,163.80700864410892,1194.9223286237868,3.8477805114418286,449.7015981254095,2.1677237043192865,238.31947281923937,35.0729539686633,17.849356626270072,37.32693659363358
mean,20361.514105191058,302715.7086126819,1598.039707548281,740.5570718015124,725.4758242240314,721.5833820368437,684.4001225321256,1.0764973741647113,120.5489183521377,799.746505760606,8.365219114636723,21963.40208924334,16754.648072947017,14946.036956056574,24056.599040638037,1549.1571100062915,7141.35411352136,21863.965195881858,7.267956349882167,2499.7020803529126,1819.3506457977098,31060.552282191744,48.678875974943885,19556.931192838005,10.779676603759356,1899.5676256644617,1728.6643019969233,622.6840606785278,1773.467184131465
