total,tp,tn,fp,fn,precision,recall,f1,fbeta,accuracy,train_time,test_time
10.0,0.0,0.0,0.0,0.0,0.014285714285714285,0.1,0.025,0.025,0.1,0.0,0.09488773345947266
20.0,0.0,0.0,0.0,0.0,0.0,0.0,0.0,0.0,0.0,0.0,0.009733915328979492
30.0,0.0,3.0,0.0,0.0,0.16190476190476188,0.4,0.22999999999999998,0.22999999999999998,0.4,0.0,0.009552240371704102
40.0,0.0,1.0,0.0,0.0,0.02,0.1,0.03333333333333334,0.03333333333333334,0.1,0.0,0.00990152359008789
50.0,0.0,2.0,0.0,0.0,0.09166666666666666,0.3,0.13999999999999999,0.13999999999999999,0.3,0.0,0.009740352630615234
60.0,0.0,0.0,0.0,0.0,0.08,0.2,0.1142857142857143,0.1142857142857143,0.2,0.0,0.011087417602539062
70.0,0.0,1.0,0.0,0.0,0.19999999999999998,0.4,0.2583333333333333,0.2583333333333333,0.4,0.0,0.010221004486083984
80.0,0.0,0.0,0.0,0.0,0.0,0.0,0.0,0.0,0.0,0.0,0.01187276840209961
90.0,0.0,0.0,0.0,0.0,0.0,0.0,0.0,0.0,0.0,0.0,0.012036800384521484
100.0,0.0,0.0,0.0,0.0,0.1,0.3,0.15,0.15,0.3,0.0,0.013748407363891602
110.0,0.0,2.0,0.0,0.0,0.16666666666666666,0.4,0.2333333333333333,0.2333333333333333,0.4,0.0,0.009530067443847656
120.0,0.0,0.0,0.0,0.0,0.02,0.1,0.03333333333333334,0.03333333333333334,0.1,0.0,0.010011434555053711
130.0,0.0,0.0,0.0,0.0,0.12857142857142856,0.3,0.18,0.18,0.3,0.0,0.009154081344604492
140.0,0.0,1.0,0.0,0.0,0.24166666666666664,0.4,0.2857142857142857,0.2857142857142857,0.4,0.0,0.009594440460205078
150.0,0.0,0.0,0.0,0.0,0.06666666666666667,0.2,0.1,0.1,0.2,0.0,0.009637594223022461
160.0,0.0,2.0,0.0,0.0,0.1,0.3,0.14761904761904762,0.14761904761904762,0.3,0.0,0.020859241485595703
170.0,0.0,3.0,0.0,0.0,0.175,0.4,0.24,0.24,0.4,0.0,0.011895179748535156
180.0,0.0,0.0,0.0,0.0,0.0,0.0,0.0,0.0,0.0,0.0,0.9203660488128662
190.0,0.0,0.0,0.0,0.0,0.02,0.1,0.03333333333333334,0.03333333333333334,0.1,0.0,0.06082558631896973
200.0,0.0,2.0,0.0,0.0,0.09047619047619046,0.3,0.1388888888888889,0.1388888888888889,0.3,0.0,0.05622410774230957
210.0,0.0,4.0,0.0,0.0,0.26666666666666666,0.4,0.32,0.32,0.4,0.0,0.05542349815368652
220.0,0.0,1.0,0.0,0.0,0.041666666666666664,0.2,0.06857142857142857,0.06857142857142857,0.2,0.0,0.051360130310058594
230.0,0.0,1.0,0.0,0.0,0.04,0.2,0.06666666666666668,0.06666666666666668,0.2,0.0,0.03641247749328613
240.0,0.0,0.0,0.0,0.0,0.02,0.1,0.03333333333333334,0.03333333333333334,0.1,0.0,0.01276540756225586
250.0,0.0,2.0,0.0,0.0,0.11666666666666667,0.3,0.1619047619047619,0.1619047619047619,0.3,0.0,0.012154102325439453
260.0,0.0,1.0,0.0,0.0,0.625,0.6,0.5733333333333334,0.5733333333333334,0.6,0.4088280200958252,0.0211944580078125
270.0,0.0,0.0,0.0,0.0,0.85,0.9,0.8666666666666666,0.8666666666666666,0.9,0.0,0.01219320297241211
280.0,0.0,1.0,0.0,0.0,0.5,0.6,0.5333333333333333,0.5333333333333333,0.6,0.0,0.011684656143188477
290.0,0.0,1.0,0.0,0.0,0.95,0.7,0.7566666666666667,0.7566666666666667,0.7,0.0,0.013518095016479492
300.0,0.0,2.0,0.0,0.0,0.8,0.7,0.74,0.74,0.7,0.0,0.010174751281738281
310.0,0.0,2.0,0.0,0.0,0.3333333333333333,0.4,0.36,0.36,0.4,0.0,0.02381443977355957
320.0,0.0,0.0,0.0,0.0,0.625,0.7,0.64,0.64,0.7,0.0,0.009863138198852539
330.0,0.0,2.0,0.0,0.0,0.6333333333333333,0.7,0.6599999999999999,0.6599999999999999,0.7,0.0,0.009657144546508789
340.0,0.0,0.0,0.0,0.0,0.6333333333333333,0.7,0.6599999999999999,0.6599999999999999,0.7,0.0,0.009379863739013672
350.0,0.0,0.0,0.0,0.0,0.4,0.4,0.4,0.4,0.4,0.0,0.009419441223144531
360.0,0.0,1.0,0.0,0.0,0.8800000000000001,0.7,0.6742857142857143,0.6742857142857143,0.7,0.0,0.009608030319213867
370.0,0.0,0.0,0.0,0.0,0.7,0.5,0.5733333333333334,0.5733333333333334,0.5,0.0,0.009554624557495117
380.0,0.0,1.0,0.0,0.0,0.7333333333333333,0.7,0.6933333333333334,0.6933333333333334,0.7,0.0,0.009857654571533203
390.0,0.0,1.0,0.0,0.0,0.4833333333333333,0.5,0.45,0.45,0.5,0.0,0.009516000747680664
400.0,0.0,0.0,0.0,0.0,0.6333333333333333,0.7,0.65,0.65,0.7,0.0,0.009671688079833984
410.0,0.0,1.0,0.0,0.0,0.6,0.6,0.5761904761904761,0.5761904761904761,0.6,0.0,0.009634733200073242
420.0,0.0,0.0,0.0,0.0,0.4833333333333333,0.5,0.4595238095238095,0.4595238095238095,0.5,0.0,0.00986480712890625
430.0,0.0,1.0,0.0,0.0,0.75,0.7,0.7,0.7,0.7,0.0,0.009599685668945312
440.0,0.0,0.0,0.0,0.0,0.42000000000000004,0.5,0.4333333333333334,0.4333333333333334,0.5,0.0,0.009788751602172852
450.0,0.0,1.0,0.0,0.0,0.5,0.4,0.4333333333333333,0.4333333333333333,0.4,0.0,0.009872913360595703
460.0,0.0,0.0,0.0,0.0,0.6,0.6,0.6,0.6,0.6,0.0,0.009914875030517578
470.0,0.0,0.0,0.0,0.0,0.41666666666666663,0.3,0.2785714285714286,0.2785714285714286,0.3,0.0,0.010181665420532227
480.0,0.0,3.0,0.0,0.0,0.475,0.5,0.45714285714285713,0.45714285714285713,0.5,0.0,0.009222745895385742
490.0,0.0,1.0,0.0,0.0,0.7333333333333333,0.7,0.7,0.7,0.7,0.0,0.010039567947387695
500.0,0.0,2.0,0.0,0.0,0.5,0.6,0.5333333333333333,0.5333333333333333,0.6,0.0,0.009782552719116211
510.0,0.0,1.0,0.0,0.0,0.7666666666666666,0.8,0.7533333333333333,0.7533333333333333,0.8,0.0,0.010137319564819336
520.0,0.0,1.0,0.0,0.0,0.65,0.6,0.6047619047619047,0.6047619047619047,0.6,0.0,0.010381460189819336
530.0,0.0,0.0,0.0,0.0,0.6,0.5,0.5333333333333333,0.5333333333333333,0.5,0.0,0.010440587997436523
540.0,0.0,3.0,0.0,0.0,0.75,0.8,0.7666666666666667,0.7666666666666667,0.8,0.0,0.013342142105102539
550.0,0.0,0.0,0.0,0.0,0.475,0.5,0.47714285714285715,0.47714285714285715,0.5,0.0,0.011401891708374023
560.0,0.0,2.0,0.0,0.0,0.6,0.7,0.6333333333333332,0.6333333333333332,0.7,0.0,0.01604294776916504
570.0,0.0,3.0,0.0,0.0,0.7,0.7,0.7,0.7,0.7,0.0,0.015160322189331055
580.0,0.0,1.0,0.0,0.0,0.825,0.6,0.6399999999999999,0.6399999999999999,0.6,0.0,0.011407136917114258
590.0,0.0,1.0,0.0,0.0,0.4833333333333333,0.6,0.5266666666666666,0.5266666666666666,0.6,0.0,0.013609886169433594
600.0,0.0,1.0,0.0,0.0,0.4666666666666666,0.6,0.5133333333333333,0.5133333333333333,0.6,0.0,0.014063596725463867
610.0,0.0,3.0,0.0,0.0,0.7,0.6,0.6333333333333333,0.6333333333333333,0.6,0.0,0.013616323471069336
620.0,0.0,1.0,0.0,0.0,0.65,0.6,0.5666666666666667,0.5666666666666667,0.6,0.0,0.013546228408813477
630.0,0.0,0.0,0.0,0.0,0.675,0.5,0.48999999999999994,0.48999999999999994,0.5,0.0,0.012387275695800781
640.0,0.0,2.0,0.0,0.0,0.8,0.6,0.6733333333333333,0.6733333333333333,0.6,0.0,0.013077974319458008
650.0,0.0,1.0,0.0,0.0,0.7833333333333333,0.7,0.7,0.7,0.7,0.0,0.012761592864990234
660.0,0.0,1.0,0.0,0.0,0.5,0.4,0.3833333333333333,0.3833333333333333,0.4,0.0,0.013810873031616211
670.0,0.0,1.0,0.0,0.0,0.55,0.6,0.5666666666666667,0.5666666666666667,0.6,0.0,0.012286901473999023
680.0,0.0,2.0,0.0,0.0,0.65,0.6,0.6066666666666667,0.6066666666666667,0.6,0.0,0.01950216293334961
690.0,0.0,0.0,0.0,0.0,0.6,0.6,0.5666666666666667,0.5666666666666667,0.6,0.0,0.0100555419921875
700.0,0.0,1.0,0.0,0.0,1.0,0.9,0.9333333333333332,0.9333333333333332,0.9,0.0,0.010345697402954102
710.0,0.0,2.0,0.0,0.0,0.5333333333333334,0.5,0.4833333333333333,0.4833333333333333,0.5,0.0,0.009306192398071289
720.0,0.0,1.0,0.0,0.0,0.39999999999999997,0.4,0.3942857142857143,0.3942857142857143,0.4,0.0,0.009369850158691406
730.0,0.0,3.0,0.0,0.0,0.7,0.5,0.5761904761904761,0.5761904761904761,0.5,0.0,0.009642362594604492
740.0,0.0,2.0,0.0,0.0,0.6333333333333334,0.7,0.65,0.65,0.7,0.0,0.010070562362670898
750.0,0.0,0.0,0.0,0.0,0.6,0.4,0.475,0.475,0.4,0.0,0.01018524169921875
760.0,0.0,0.0,0.0,0.0,0.3166666666666667,0.3,0.26190476190476186,0.26190476190476186,0.3,0.0,0.010230064392089844
770.0,0.0,3.0,0.0,0.0,0.6833333333333333,0.7,0.6695238095238095,0.6695238095238095,0.7,0.0,0.009914398193359375
780.0,0.0,0.0,0.0,0.0,0.4,0.5,0.4333333333333333,0.4333333333333333,0.5,0.0,0.010866880416870117
790.0,0.0,0.0,0.0,0.0,0.35,0.4,0.36666666666666664,0.36666666666666664,0.4,0.0,0.07924342155456543
800.0,0.0,2.0,0.0,0.0,0.6,0.6,0.5666666666666667,0.5666666666666667,0.6,0.0,0.06468725204467773
810.0,0.0,0.0,0.0,0.0,0.775,0.6,0.6133333333333333,0.6133333333333333,0.6,0.0,0.05615568161010742
820.0,0.0,2.0,0.0,0.0,0.825,0.9,0.8571428571428571,0.8571428571428571,0.9,0.0,0.052925825119018555
830.0,0.0,1.0,0.0,0.0,0.65,0.6,0.6095238095238095,0.6095238095238095,0.6,0.0,0.05331015586853027
840.0,0.0,0.0,0.0,0.0,0.9333333333333332,0.8,0.8333333333333333,0.8333333333333333,0.8,0.0,0.051590681076049805
850.0,0.0,2.0,0.0,0.0,0.6333333333333333,0.7,0.65,0.65,0.7,0.0,0.05143308639526367
860.0,0.0,2.0,0.0,0.0,0.5666666666666667,0.6,0.58,0.58,0.6,0.0,0.057626962661743164
870.0,0.0,1.0,0.0,0.0,0.7,0.6,0.5833333333333333,0.5833333333333333,0.6,0.0,0.054566144943237305
880.0,0.0,1.0,0.0,0.0,0.675,0.8,0.7238095238095238,0.7238095238095238,0.8,0.0,0.05530357360839844
890.0,0.0,0.0,0.0,0.0,0.775,0.8,0.7571428571428571,0.7571428571428571,0.8,0.0,0.021280527114868164
900.0,0.0,1.0,0.0,0.0,0.6,0.3,0.36,0.36,0.3,0.0,0.013494491577148438
910.0,0.0,4.0,0.0,0.0,0.65,0.7,0.6666666666666667,0.6666666666666667,0.7,0.0,0.012431621551513672
920.0,0.0,3.0,0.0,0.0,0.18333333333333332,0.4,0.25,0.25,0.4,0.0,0.013236522674560547
930.0,0.0,0.0,0.0,0.0,0.35,0.4,0.37142857142857144,0.37142857142857144,0.4,0.0,0.013222932815551758
940.0,0.0,1.0,0.0,0.0,0.65,0.5,0.5166666666666667,0.5166666666666667,0.5,0.0,0.012639284133911133
950.0,0.0,1.0,0.0,0.0,0.3,0.4,0.32999999999999996,0.32999999999999996,0.4,0.0,0.009849071502685547
960.0,0.0,0.0,0.0,0.0,0.6,0.5,0.54,0.54,0.5,0.0,0.04819774627685547
970.0,0.0,0.0,0.0,0.0,0.5,0.4,0.4333333333333333,0.4333333333333333,0.4,0.0,0.05567431449890137
980.0,0.0,0.0,0.0,0.0,0.6333333333333333,0.7,0.6599999999999999,0.6599999999999999,0.7,0.0,0.0512235164642334
990.0,0.0,1.0,0.0,0.0,1.0,0.9,0.9333333333333332,0.9333333333333332,0.9,0.0,0.04934215545654297
1000.0,0.0,1.0,0.0,0.0,0.8,0.8,0.8,0.8,0.8,0.0,0.05922436714172363
1010.0,0.0,0.0,0.0,0.0,0.55,0.6,0.5666666666666667,0.5666666666666667,0.6,0.0,0.051093101501464844
1020.0,0.0,0.0,0.0,0.0,0.5,0.5,0.5,0.5,0.5,0.0,0.05564737319946289
1030.0,0.0,0.0,0.0,0.0,0.55,0.6,0.5666666666666667,0.5666666666666667,0.6,0.0,0.05648994445800781
1040.0,0.0,2.0,0.0,0.0,0.9,0.8,0.8428571428571429,0.8428571428571429,0.8,0.0,0.05219268798828125
1050.0,0.0,1.0,0.0,0.0,0.55,0.6,0.5714285714285714,0.5714285714285714,0.6,0.0,0.048506736755371094
1060.0,0.0,1.0,0.0,0.0,0.7833333333333333,0.7,0.6833333333333333,0.6833333333333333,0.7,0.0,0.06271767616271973
1070.0,0.0,2.0,0.0,0.0,0.85,0.7,0.7333333333333333,0.7333333333333333,0.7,0.0,0.0508573055267334
1080.0,0.0,0.0,0.0,0.0,0.8,0.7,0.7333333333333333,0.7333333333333333,0.7,0.0,0.041873931884765625
1090.0,0.0,2.0,0.0,0.0,0.9333333333333332,0.9,0.8933333333333333,0.8933333333333333,0.9,0.0,0.014444112777709961
1100.0,0.0,2.0,0.0,0.0,0.95,0.9,0.9,0.9,0.9,0.0,0.014976024627685547
1110.0,0.0,0.0,0.0,0.0,0.85,0.8,0.8095238095238095,0.8095238095238095,0.8,0.0,0.013704538345336914
1120.0,0.0,2.0,0.0,0.0,0.7333333333333334,0.7,0.6900000000000001,0.6900000000000001,0.7,0.0,0.01188969612121582
1130.0,0.0,2.0,0.0,0.0,0.95,0.7,0.7566666666666667,0.7566666666666667,0.7,0.0,0.013166427612304688
1140.0,0.0,0.0,0.0,0.0,0.5,0.5,0.5,0.5,0.5,0.0,0.01411294937133789
1150.0,0.0,2.0,0.0,0.0,0.9333333333333332,0.9,0.9,0.9,0.9,0.0,0.04965972900390625
1160.0,0.0,2.0,0.0,0.0,0.7833333333333333,0.8,0.76,0.76,0.8,0.0,0.057276010513305664
1170.0,0.0,0.0,0.0,0.0,0.85,0.9,0.8666666666666668,0.8666666666666668,0.9,0.0,0.055689334869384766
1180.0,0.0,0.0,0.0,0.0,0.225,0.3,0.2571428571428571,0.2571428571428571,0.3,0.0,0.051374197006225586
1190.0,0.0,2.0,0.0,0.0,0.5833333333333333,0.7,0.6266666666666667,0.6266666666666667,0.7,0.0,0.05395865440368652
1200.0,0.0,2.0,0.0,0.0,0.7,0.8,0.7333333333333333,0.7333333333333333,0.8,0.0,0.05658674240112305
1210.0,0.0,1.0,0.0,0.0,0.7333333333333333,0.7,0.6933333333333332,0.6933333333333332,0.7,0.0,0.052628278732299805
1220.0,0.0,2.0,0.0,0.0,0.9,0.8,0.8177777777777779,0.8177777777777779,0.8,0.0,0.047782182693481445
1230.0,0.0,1.0,0.0,0.0,0.75,0.8,0.7666666666666666,0.7666666666666666,0.8,0.0,0.05780148506164551
1240.0,0.0,1.0,0.0,0.0,0.9333333333333332,0.9,0.9028571428571428,0.9028571428571428,0.9,0.0,0.05571556091308594
1250.0,0.0,3.0,0.0,0.0,1.0,0.9,0.9400000000000001,0.9400000000000001,0.9,0.0,0.06389951705932617
1260.0,0.0,1.0,0.0,0.0,0.8666666666666666,0.7,0.73,0.73,0.7,0.0,0.050217628479003906
1270.0,0.0,0.0,0.0,0.0,0.7,0.7,0.7,0.7,0.7,0.0,0.027492046356201172
1280.0,0.0,2.0,0.0,0.0,0.55,0.6,0.5533333333333333,0.5533333333333333,0.6,0.0,0.013222932815551758
1290.0,0.0,1.0,0.0,0.0,0.6,0.6,0.5666666666666667,0.5666666666666667,0.6,0.0,0.012196540832519531
1300.0,0.0,1.0,0.0,0.0,0.8333333333333333,0.9,0.86,0.86,0.9,0.0,0.013480901718139648
1310.0,0.0,0.0,0.0,0.0,0.4833333333333333,0.5,0.47000000000000003,0.47000000000000003,0.5,0.0,0.012706279754638672
1320.0,0.0,1.0,0.0,0.0,0.75,0.7,0.6866666666666668,0.6866666666666668,0.7,0.0,0.012577533721923828
1330.0,0.0,2.0,0.0,0.0,0.7333333333333333,0.8,0.76,0.76,0.8,0.0,0.04552197456359863
1340.0,0.0,0.0,0.0,0.0,0.7,0.7,0.7,0.7,0.7,0.0,0.05074715614318848
1350.0,0.0,0.0,0.0,0.0,0.6,0.4,0.4166666666666667,0.4166666666666667,0.4,0.0,0.04931521415710449
1360.0,0.0,0.0,0.0,0.0,0.6799999999999999,0.7,0.6583333333333332,0.6583333333333332,0.7,0.0,0.055608272552490234
1370.0,0.0,2.0,0.0,0.0,0.6,0.6,0.5666666666666667,0.5666666666666667,0.6,0.0,0.05511116981506348
1380.0,0.0,2.0,0.0,0.0,1.0,0.9,0.9428571428571428,0.9428571428571428,0.9,0.0,0.05106997489929199
1390.0,0.0,2.0,0.0,0.0,0.7833333333333333,0.6,0.61,0.61,0.6,0.0,0.050567626953125
1400.0,0.0,2.0,0.0,0.0,0.7,0.7,0.7,0.7,0.7,0.0,0.05269598960876465
1410.0,0.0,0.0,0.0,0.0,0.4,0.4,0.36666666666666664,0.36666666666666664,0.4,0.0,0.052388668060302734
1420.0,0.0,1.0,0.0,0.0,0.475,0.5,0.44000000000000006,0.44000000000000006,0.5,0.0,0.05807375907897949
1430.0,0.0,1.0,0.0,0.0,0.725,0.6,0.6066666666666667,0.6066666666666667,0.6,0.0,0.054199934005737305
1440.0,0.0,0.0,0.0,0.0,0.8,0.6,0.6733333333333333,0.6733333333333333,0.6,0.0,0.05627322196960449
1450.0,0.0,2.0,0.0,0.0,0.6333333333333333,0.7,0.6599999999999999,0.6599999999999999,0.7,0.0,0.049356698989868164
1460.0,0.0,3.0,0.0,0.0,0.825,0.8,0.7904761904761904,0.7904761904761904,0.8,0.0,0.014661312103271484
1470.0,0.0,3.0,0.0,0.0,0.5333333333333333,0.6,0.5599999999999999,0.5599999999999999,0.6,0.0,0.012773513793945312
1480.0,0.0,1.0,0.0,0.0,0.85,0.9,0.8666666666666666,0.8666666666666666,0.9,0.0,0.012489795684814453
1490.0,0.0,3.0,0.0,0.0,0.8,0.8,0.7733333333333334,0.7733333333333334,0.8,0.0,0.012674093246459961
1500.0,0.0,1.0,0.0,0.0,0.9,0.8,0.8400000000000001,0.8400000000000001,0.8,0.0,0.012901782989501953
1510.0,0.0,1.0,0.0,0.0,0.5,0.5,0.4533333333333333,0.4533333333333333,0.5,0.0,0.013926267623901367
1520.0,0.0,2.0,0.0,0.0,0.5,0.6,0.5333333333333333,0.5333333333333333,0.6,0.0,0.044101715087890625
1530.0,0.0,3.0,0.0,0.0,0.85,0.7,0.7333333333333333,0.7333333333333333,0.7,0.0,0.055484771728515625
1540.0,0.0,1.0,0.0,0.0,0.7,0.6,0.6333333333333333,0.6333333333333333,0.6,0.0,0.05508708953857422
1550.0,0.0,3.0,0.0,0.0,0.85,0.9,0.8666666666666668,0.8666666666666668,0.9,0.0,0.053388118743896484
1560.0,0.0,1.0,0.0,0.0,0.825,0.8,0.7904761904761904,0.7904761904761904,0.8,0.0,0.050856590270996094
1570.0,0.0,1.0,0.0,0.0,0.7,0.8,0.7333333333333333,0.7333333333333333,0.8,0.0,0.0553896427154541
1580.0,0.0,0.0,0.0,0.0,0.3533333333333334,0.5,0.40555555555555556,0.40555555555555556,0.5,0.0,0.05578279495239258
1590.0,0.0,3.0,0.0,0.0,0.7583333333333333,0.8,0.7504761904761905,0.7504761904761905,0.8,0.0,0.05942273139953613
1600.0,0.0,2.0,0.0,0.0,0.8,0.8,0.7733333333333333,0.7733333333333333,0.8,0.0,0.053785085678100586
1610.0,0.0,1.0,0.0,0.0,0.85,0.8,0.8,0.8,0.8,0.0,0.054110050201416016
1620.0,0.0,1.0,0.0,0.0,0.75,0.7,0.72,0.72,0.7,0.0,0.05562758445739746
1630.0,0.0,1.0,0.0,0.0,0.75,0.7,0.7066666666666668,0.7066666666666668,0.7,0.0,0.06266140937805176
1640.0,0.0,2.0,0.0,0.0,0.8333333333333333,0.9,0.86,0.86,0.9,0.0,0.017142772674560547
1650.0,0.0,0.0,0.0,0.0,0.65,0.6,0.6066666666666667,0.6066666666666667,0.6,0.0,0.01247096061706543
1660.0,0.0,1.0,0.0,0.0,0.825,0.9,0.8571428571428571,0.8571428571428571,0.9,0.0,0.013361930847167969
1670.0,0.0,2.0,0.0,0.0,0.6333333333333333,0.6,0.6,0.6,0.6,0.0,0.01443338394165039
1680.0,0.0,2.0,0.0,0.0,0.55,0.6,0.5666666666666667,0.5666666666666667,0.6,0.0,0.011688470840454102
1690.0,0.0,1.0,0.0,0.0,0.9,0.8,0.8428571428571429,0.8428571428571429,0.8,0.0,0.012710332870483398
1700.0,0.0,1.0,0.0,0.0,0.9,0.9,0.9,0.9,0.9,0.0,0.021378517150878906
1710.0,0.0,2.0,0.0,0.0,0.6333333333333333,0.7,0.6599999999999999,0.6599999999999999,0.7,0.0,0.04362988471984863
1720.0,0.0,1.0,0.0,0.0,0.85,0.9,0.8666666666666666,0.8666666666666666,0.9,0.0,0.046859025955200195
1730.0,0.0,1.0,0.0,0.0,0.65,0.6,0.62,0.62,0.6,0.0,0.05463099479675293
1740.0,0.0,1.0,0.0,0.0,0.9,0.8,0.8333333333333333,0.8333333333333333,0.8,0.0,0.05400538444519043
1750.0,0.0,1.0,0.0,0.0,0.6333333333333333,0.7,0.65,0.65,0.7,0.0,0.04969978332519531
1760.0,0.0,1.0,0.0,0.0,1.0,1.0,1.0,1.0,1.0,0.0,0.05263042449951172
1770.0,0.0,1.0,0.0,0.0,0.8333333333333334,0.6,0.5833333333333333,0.5833333333333333,0.6,0.0,0.049697160720825195
1780.0,0.0,2.0,0.0,0.0,0.8333333333333333,0.9,0.86,0.86,0.9,0.0,0.05984139442443848
1790.0,0.0,1.0,0.0,0.0,0.4333333333333333,0.6,0.49333333333333335,0.49333333333333335,0.6,0.0,0.052272796630859375
1800.0,0.0,3.0,0.0,0.0,0.75,0.7,0.7,0.7,0.7,0.0,0.05454111099243164
1810.0,0.0,2.0,0.0,0.0,0.85,0.9,0.8666666666666668,0.8666666666666668,0.9,0.0,0.05421757698059082
1820.0,0.0,0.0,0.0,0.0,0.58,0.7,0.625,0.625,0.7,0.0,0.05338335037231445
1830.0,0.0,1.0,0.0,0.0,0.65,0.7,0.6666666666666666,0.6666666666666666,0.7,0.0,0.027776241302490234
1840.0,0.0,0.0,0.0,0.0,0.6333333333333333,0.7,0.6599999999999999,0.6599999999999999,0.7,0.0,0.013118505477905273
1850.0,0.0,1.0,0.0,0.0,0.95,0.8,0.8166666666666667,0.8166666666666667,0.8,0.0,0.012357711791992188
1860.0,0.0,1.0,0.0,0.0,0.8,0.6,0.5933333333333334,0.5933333333333334,0.6,0.0,0.013642311096191406
1870.0,0.0,1.0,0.0,0.0,0.9333333333333332,0.9,0.9,0.9,0.9,0.0,0.011986732482910156
1880.0,0.0,1.0,0.0,0.0,0.6,0.6,0.6,0.6,0.6,0.0,0.014251708984375
1890.0,0.0,2.0,0.0,0.0,0.9,0.8,0.8333333333333333,0.8333333333333333,0.8,0.0,0.022700071334838867
1900.0,0.0,1.0,0.0,0.0,0.75,0.7,0.6666666666666666,0.6666666666666666,0.7,0.0,0.049774169921875
1910.0,0.0,0.0,0.0,0.0,0.8333333333333333,0.8,0.8028571428571428,0.8028571428571428,0.8,0.0,0.05183148384094238
1920.0,0.0,2.0,0.0,0.0,0.85,0.9,0.8666666666666668,0.8666666666666668,0.9,0.0,0.05681490898132324
1930.0,0.0,0.0,0.0,0.0,0.9,0.9,0.9,0.9,0.9,0.0,0.05436968803405762
1940.0,0.0,1.0,0.0,0.0,0.55,0.6,0.5533333333333333,0.5533333333333333,0.6,0.0,0.0489346981048584
1950.0,0.0,2.0,0.0,0.0,0.9333333333333332,0.9,0.8933333333333333,0.8933333333333333,0.9,0.0,0.05307316780090332
1960.0,0.0,0.0,0.0,0.0,0.5833333333333333,0.6,0.5599999999999999,0.5599999999999999,0.6,0.0,0.0562901496887207
1970.0,0.0,1.0,0.0,0.0,0.4583333333333333,0.5,0.43000000000000005,0.43000000000000005,0.5,0.0,0.05526375770568848
1980.0,0.0,2.0,0.0,0.0,0.85,0.9,0.8666666666666666,0.8666666666666666,0.9,0.0,0.055471181869506836
1990.0,0.0,1.0,0.0,0.0,0.9333333333333332,0.9,0.9028571428571428,0.9028571428571428,0.9,0.0,0.053375244140625
2000.0,0.0,1.0,0.0,0.0,1.0,0.9,0.9333333333333332,0.9333333333333332,0.9,0.0,0.05626106262207031
2010.0,0.0,0.0,0.0,0.0,0.825,0.8,0.7971428571428572,0.7971428571428572,0.8,0.0,0.051577091217041016
2020.0,0.0,1.0,0.0,0.0,0.5833333333333333,0.7,0.6266666666666667,0.6266666666666667,0.7,0.0,0.01458287239074707
2030.0,0.0,1.0,0.0,0.0,0.6,0.7,0.6380952380952382,0.6380952380952382,0.7,0.0,0.012954473495483398
2040.0,0.0,1.0,0.0,0.0,0.95,0.9,0.9,0.9,0.9,0.0,0.014191865921020508
2050.0,0.0,1.0,0.0,0.0,1.0,1.0,1.0,1.0,1.0,0.0,0.012491941452026367
2060.0,0.0,1.0,0.0,0.0,0.85,0.9,0.8666666666666666,0.8666666666666666,0.9,0.0,0.012434959411621094
2070.0,0.0,1.0,0.0,0.0,0.6333333333333333,0.7,0.6599999999999999,0.6599999999999999,0.7,0.0,0.04384350776672363
2080.0,0.0,3.0,0.0,0.0,0.8,0.8,0.8,0.8,0.8,0.0,0.058817386627197266
2090.0,0.0,2.0,0.0,0.0,0.7,0.6,0.64,0.64,0.6,0.0,0.04975295066833496
2100.0,0.0,3.0,0.0,0.0,0.85,0.8,0.8095238095238095,0.8095238095238095,0.8,0.0,0.05528974533081055
2110.0,0.0,0.0,0.0,0.0,1.0,0.9,0.9333333333333332,0.9333333333333332,0.9,0.0,0.05482959747314453
2120.0,0.0,2.0,0.0,0.0,0.8333333333333333,0.9,0.86,0.86,0.9,0.0,0.05354189872741699
2130.0,0.0,4.0,0.0,0.0,0.67,0.7,0.6555555555555557,0.6555555555555557,0.7,0.0,0.05362820625305176
2140.0,0.0,1.0,0.0,0.0,0.5833333333333333,0.7,0.6266666666666666,0.6266666666666666,0.7,0.0,0.04871988296508789
2150.0,0.0,1.0,0.0,0.0,0.8333333333333333,0.8,0.8,0.8,0.8,0.0,0.06003093719482422
2160.0,0.0,1.0,0.0,0.0,0.8833333333333332,0.8,0.8028571428571428,0.8028571428571428,0.8,0.0,0.04854750633239746
2170.0,0.0,2.0,0.0,0.0,0.8333333333333333,0.9,0.86,0.86,0.9,0.0,0.05936765670776367
2180.0,0.0,2.0,0.0,0.0,1.0,0.9,0.9333333333333333,0.9333333333333333,0.9,0.0,0.05672264099121094
2190.0,0.0,4.0,0.0,0.0,0.8,0.8,0.8,0.8,0.8,0.0,0.021043777465820312
2200.0,0.0,0.0,0.0,0.0,1.0,0.8,0.85,0.85,0.8,0.0,0.01178884506225586
2210.0,0.0,1.0,0.0,0.0,0.85,0.9,0.8666666666666666,0.8666666666666666,0.9,0.0,0.013272762298583984
2220.0,0.0,1.0,0.0,0.0,1.0,1.0,1.0,1.0,1.0,0.0,0.01352381706237793
2230.0,0.0,0.0,0.0,0.0,0.6333333333333333,0.7,0.6599999999999999,0.6599999999999999,0.7,0.0,0.013675212860107422
2240.0,0.0,1.0,0.0,0.0,0.35,0.4,0.36666666666666664,0.36666666666666664,0.4,0.0,0.013382673263549805
2250.0,0.0,1.0,0.0,0.0,0.8166666666666668,0.8,0.7878787878787878,0.7878787878787878,0.8,0.0,0.01758432388305664
2260.0,0.0,0.0,0.0,0.0,0.27999999999999997,0.4,0.32499999999999996,0.32499999999999996,0.4,0.0,0.04468894004821777
2270.0,0.0,1.0,0.0,0.0,0.7333333333333333,0.7,0.6933333333333334,0.6933333333333334,0.7,0.0,0.05926799774169922
2280.0,0.0,3.0,0.0,0.0,0.95,0.9,0.9,0.9,0.9,0.0,0.049851179122924805
2290.0,0.0,2.0,0.0,0.0,1.0,1.0,1.0,1.0,1.0,0.0,0.04930424690246582
2300.0,0.0,0.0,0.0,0.0,0.4833333333333333,0.5,0.45999999999999996,0.45999999999999996,0.5,0.0,0.05603337287902832
2310.0,0.0,1.0,0.0,0.0,1.0,1.0,1.0,1.0,1.0,0.0,0.05008888244628906
2320.0,0.0,2.0,0.0,0.0,1.0,1.0,1.0,1.0,1.0,0.0,0.05400538444519043
2330.0,0.0,2.0,0.0,0.0,0.6,0.6,0.6,0.6,0.6,0.0,0.05980205535888672
2340.0,0.0,1.0,0.0,0.0,0.95,0.9,0.9,0.9,0.9,0.0,0.05551958084106445
2350.0,0.0,1.0,0.0,0.0,1.0,1.0,1.0,1.0,1.0,0.0,0.048046112060546875
2360.0,0.0,0.0,0.0,0.0,1.0,0.8,0.85,0.85,0.8,0.0,0.053035736083984375
2370.0,0.0,0.0,0.0,0.0,0.7,0.7,0.6666666666666667,0.6666666666666667,0.7,0.0,0.0533289909362793
2380.0,0.0,4.0,0.0,0.0,0.7333333333333333,0.8,0.75,0.75,0.8,0.0,0.014746665954589844
2390.0,0.0,1.0,0.0,0.0,0.75,0.8,0.7666666666666666,0.7666666666666666,0.8,0.0,0.013200759887695312
2400.0,0.0,0.0,0.0,0.0,0.025,0.1,0.04,0.04,0.1,0.0,0.01289510726928711
2410.0,0.0,0.0,0.0,0.0,0.0,0.0,0.0,0.0,0.0,0.0,0.013665199279785156
2420.0,0.0,0.0,0.0,0.0,0.0,0.0,0.0,0.0,0.0,0.0,0.013220787048339844
2430.0,0.0,0.0,0.0,0.0,0.0,0.0,0.0,0.0,0.0,0.0,0.05016946792602539
2440.0,0.0,0.0,0.0,0.0,0.04444444444444444,0.2,0.07272727272727272,0.07272727272727272,0.2,0.0,0.04951763153076172
2450.0,0.0,0.0,0.0,0.0,0.0,0.0,0.0,0.0,0.0,0.0,0.0538938045501709
2460.0,0.0,0.0,0.0,0.0,0.016666666666666666,0.1,0.02857142857142857,0.02857142857142857,0.1,0.0,0.05368661880493164
2470.0,0.0,0.0,0.0,0.0,0.2,0.1,0.13333333333333333,0.13333333333333333,0.1,0.0,0.054955482482910156
2480.0,0.0,0.0,0.0,0.0,0.1,0.1,0.1,0.1,0.1,0.0,0.04859042167663574
2490.0,0.0,0.0,0.0,0.0,0.05,0.2,0.08,0.08,0.2,0.0,0.05682873725891113
2500.0,0.0,0.0,0.0,0.0,0.01111111111111111,0.1,0.019999999999999997,0.019999999999999997,0.1,0.0,0.05334758758544922
2510.0,0.0,0.0,0.0,0.0,0.0,0.0,0.0,0.0,0.0,0.0,0.05572915077209473
2520.0,0.0,0.0,0.0,0.0,0.0125,0.1,0.02222222222222222,0.02222222222222222,0.1,0.0,0.05068182945251465
2530.0,0.0,1.0,0.0,0.0,0.45714285714285713,0.4,0.3555555555555555,0.3555555555555555,0.4,0.0,0.05393505096435547
2540.0,0.0,0.0,0.0,0.0,0.02,0.1,0.03333333333333334,0.03333333333333334,0.1,0.0,0.05388069152832031
2550.0,0.0,0.0,0.0,0.0,0.02857142857142857,0.1,0.044444444444444446,0.044444444444444446,0.1,0.0,0.020293474197387695
2560.0,0.0,0.0,0.0,0.0,0.0,0.0,0.0,0.0,0.0,0.0,0.012218475341796875
2570.0,0.0,0.0,0.0,0.0,0.0,0.0,0.0,0.0,0.0,0.0,0.012512445449829102
2580.0,0.0,2.0,0.0,0.0,0.8,0.8,0.8,0.8,0.8,0.7734675407409668,0.0128631591796875
2590.0,0.0,1.0,0.0,0.0,0.5,0.6,0.5333333333333333,0.5333333333333333,0.6,0.0,0.01273655891418457
2600.0,0.0,1.0,0.0,0.0,0.9,0.7,0.7428571428571428,0.7428571428571428,0.7,0.0,0.014403820037841797
2610.0,0.0,1.0,0.0,0.0,0.65,0.7,0.6666666666666666,0.6666666666666666,0.7,0.0,0.016300678253173828
2620.0,0.0,0.0,0.0,0.0,0.7,0.6,0.64,0.64,0.6,0.0,0.04634690284729004
2630.0,0.0,0.0,0.0,0.0,0.3833333333333333,0.5,0.42666666666666664,0.42666666666666664,0.5,0.0,0.04601454734802246
2640.0,0.0,0.0,0.0,0.0,0.6,0.6,0.6,0.6,0.6,0.0,0.051146507263183594
2650.0,0.0,0.0,0.0,0.0,0.29333333333333333,0.4,0.3277777777777778,0.3277777777777778,0.4,0.0,0.05288267135620117
2660.0,0.0,1.0,0.0,0.0,0.5700000000000001,0.7,0.6222222222222222,0.6222222222222222,0.7,0.0,0.04810643196105957
2670.0,0.0,2.0,0.0,0.0,0.5833333333333334,0.7,0.6166666666666667,0.6166666666666667,0.7,0.0,0.05226325988769531
2680.0,0.0,0.0,0.0,0.0,0.5166666666666666,0.5,0.4866666666666667,0.4866666666666667,0.5,0.0,0.054816246032714844
2690.0,0.0,4.0,0.0,0.0,0.9333333333333333,0.8,0.8300000000000001,0.8300000000000001,0.8,0.0,0.0605013370513916
2700.0,0.0,0.0,0.0,0.0,0.35,0.5,0.4,0.4,0.5,0.0,0.05372142791748047
2710.0,0.0,2.0,0.0,0.0,0.55,0.6,0.5333333333333333,0.5333333333333333,0.6,0.0,0.05411696434020996
2720.0,0.0,1.0,0.0,0.0,0.2833333333333333,0.4,0.32666666666666666,0.32666666666666666,0.4,0.0,0.049241065979003906
2730.0,0.0,1.0,0.0,0.0,0.725,0.8,0.7571428571428571,0.7571428571428571,0.8,0.0,0.05512666702270508
2740.0,0.0,0.0,0.0,0.0,0.35,0.3,0.3,0.3,0.3,0.0,0.0198214054107666
2750.0,0.0,2.0,0.0,0.0,0.8333333333333333,0.9,0.86,0.86,0.9,0.0,0.01249551773071289
2760.0,0.0,1.0,0.0,0.0,0.5833333333333333,0.3,0.2833333333333333,0.2833333333333333,0.3,0.0,0.012284278869628906
2770.0,0.0,2.0,0.0,0.0,0.65,0.5,0.5466666666666666,0.5466666666666666,0.5,0.0,0.014000415802001953
2780.0,0.0,1.0,0.0,0.0,0.65,0.7,0.6666666666666666,0.6666666666666666,0.7,0.0,0.011913061141967773
2790.0,0.0,1.0,0.0,0.0,0.5833333333333333,0.6,0.5566666666666666,0.5566666666666666,0.6,0.0,0.009569644927978516
2800.0,0.0,1.0,0.0,0.0,0.7833333333333333,0.8,0.76,0.76,0.8,0.0,0.054723501205444336
2810.0,0.0,1.0,0.0,0.0,0.7,0.7,0.6761904761904761,0.6761904761904761,0.7,0.0,0.048723697662353516
2820.0,0.0,1.0,0.0,0.0,0.4666666666666667,0.5,0.4333333333333333,0.4333333333333333,0.5,0.0,0.04680585861206055
2830.0,0.0,2.0,0.0,0.0,0.7,0.7,0.7,0.7,0.7,0.0,0.05952644348144531
2840.0,0.0,0.0,0.0,0.0,0.475,0.6,0.5238095238095237,0.5238095238095237,0.6,0.0,0.054405927658081055
2850.0,0.0,4.0,0.0,0.0,0.5833333333333333,0.6,0.5700000000000001,0.5700000000000001,0.6,0.0,0.053795576095581055
2860.0,0.0,2.0,0.0,0.0,0.6333333333333334,0.7,0.65,0.65,0.7,0.0,0.04957699775695801
2870.0,0.0,0.0,0.0,0.0,0.7,0.6,0.6333333333333333,0.6333333333333333,0.6,0.0,0.054190635681152344
2880.0,0.0,1.0,0.0,0.0,0.45,0.4,0.4066666666666666,0.4066666666666666,0.4,0.0,0.05297446250915527
2890.0,0.0,1.0,0.0,0.0,0.5333333333333333,0.7,0.5933333333333334,0.5933333333333334,0.7,0.0,0.05169486999511719
2900.0,0.0,3.0,0.0,0.0,0.525,0.7,0.5904761904761904,0.5904761904761904,0.7,0.0,0.055428266525268555
2910.0,0.0,2.0,0.0,0.0,0.7333333333333334,0.8,0.75,0.75,0.8,0.0,0.04888033866882324
2920.0,0.0,0.0,0.0,0.0,0.9,0.9,0.9,0.9,0.9,0.0,0.027159452438354492
2930.0,0.0,0.0,0.0,0.0,0.5,0.5,0.5,0.5,0.5,0.0,0.013049125671386719
2940.0,0.0,1.0,0.0,0.0,0.65,0.7,0.6333333333333333,0.6333333333333333,0.7,0.0,0.013773441314697266
2950.0,0.0,3.0,0.0,0.0,0.7583333333333333,0.8,0.7571428571428571,0.7571428571428571,0.8,0.0,0.01335906982421875
2960.0,0.0,3.0,0.0,0.0,0.8333333333333333,0.7,0.7261904761904762,0.7261904761904762,0.7,0.0,0.012445688247680664
2970.0,0.0,1.0,0.0,0.0,0.8,0.6,0.64,0.64,0.6,0.0,0.011426687240600586
2980.0,0.0,1.0,0.0,0.0,0.5666666666666667,0.7,0.6199999999999999,0.6199999999999999,0.7,0.0,0.038482666015625
2990.0,0.0,1.0,0.0,0.0,0.65,0.7,0.64,0.64,0.7,0.0,0.0544891357421875
3000.0,0.0,0.0,0.0,0.0,0.75,0.5,0.5933333333333334,0.5933333333333334,0.5,0.0,0.053757429122924805
3010.0,0.0,0.0,0.0,0.0,0.11666666666666665,0.3,0.16666666666666666,0.16666666666666666,0.3,0.0,0.04891633987426758
3020.0,0.0,1.0,0.0,0.0,0.625,0.7,0.6571428571428571,0.6571428571428571,0.7,0.0,0.05285477638244629
3030.0,0.0,2.0,0.0,0.0,1.0,1.0,1.0,1.0,1.0,0.0,0.05390214920043945
3040.0,0.0,1.0,0.0,0.0,0.8833333333333334,0.8,0.8,0.8,0.8,0.0,0.058774709701538086
3050.0,0.0,1.0,0.0,0.0,0.6666666666666667,0.5,0.48571428571428577,0.48571428571428577,0.5,0.0,0.04787015914916992
3060.0,0.0,0.0,0.0,0.0,0.5833333333333333,0.6,0.5566666666666666,0.5566666666666666,0.6,0.0,0.05329108238220215
3070.0,0.0,5.0,0.0,0.0,0.85,0.9,0.8666666666666668,0.8666666666666668,0.9,0.0,0.05583977699279785
3080.0,0.0,1.0,0.0,0.0,0.6833333333333333,0.8,0.7266666666666668,0.7266666666666668,0.8,0.0,0.05419111251831055
3090.0,0.0,4.0,0.0,0.0,0.72,0.8,0.7555555555555555,0.7555555555555555,0.8,0.0,0.05227303504943848
3100.0,0.0,1.0,0.0,0.0,1.0,1.0,1.0,1.0,1.0,0.0,0.02483820915222168
3110.0,0.0,3.0,0.0,0.0,0.725,0.8,0.7571428571428571,0.7571428571428571,0.8,0.0,0.014602422714233398
3120.0,0.0,1.0,0.0,0.0,0.85,0.7,0.7466666666666667,0.7466666666666667,0.7,0.0,0.013371944427490234
3130.0,0.0,1.0,0.0,0.0,0.6833333333333333,0.8,0.7266666666666666,0.7266666666666666,0.8,0.0,0.014750242233276367
3140.0,0.0,2.0,0.0,0.0,0.6666666666666666,0.6,0.6285714285714287,0.6285714285714287,0.6,0.0,0.014809846878051758
3150.0,0.0,1.0,0.0,0.0,0.725,0.6,0.5900000000000001,0.5900000000000001,0.6,0.0,0.01672673225402832
3160.0,0.0,1.0,0.0,0.0,0.9333333333333332,0.8,0.8266666666666665,0.8266666666666665,0.8,0.0,0.05166125297546387
3170.0,0.0,2.0,0.0,0.0,0.7,0.6,0.6333333333333333,0.6333333333333333,0.6,0.0,0.05382871627807617
3180.0,0.0,2.0,0.0,0.0,0.6333333333333333,0.6,0.5599999999999999,0.5599999999999999,0.6,0.0,0.053124189376831055
3190.0,0.0,1.0,0.0,0.0,0.7,0.6,0.6,0.6,0.6,0.0,0.05614352226257324
3200.0,0.0,2.0,0.0,0.0,0.85,0.9,0.8666666666666666,0.8666666666666666,0.9,0.0,0.052919864654541016
3210.0,0.0,1.0,0.0,0.0,0.8,0.7,0.7333333333333333,0.7333333333333333,0.7,0.0,0.0531001091003418
3220.0,0.0,0.0,0.0,0.0,0.6,0.3,0.36,0.36,0.3,0.0,0.0536801815032959
3230.0,0.0,1.0,0.0,0.0,0.38333333333333336,0.3,0.29285714285714287,0.29285714285714287,0.3,0.0,0.05381488800048828
3240.0,0.0,1.0,0.0,0.0,0.7,0.7,0.7,0.7,0.7,0.0,0.04627418518066406
3250.0,0.0,1.0,0.0,0.0,0.4833333333333333,0.6,0.5266666666666666,0.5266666666666666,0.6,0.0,0.05449485778808594
3260.0,0.0,1.0,0.0,0.0,0.825,0.9,0.8571428571428571,0.8571428571428571,0.9,0.0,0.0521702766418457
3270.0,0.0,3.0,0.0,0.0,0.65,0.7,0.6666666666666666,0.6666666666666666,0.7,0.0,0.05346035957336426
3280.0,0.0,0.0,0.0,0.0,1.0,0.9,0.9333333333333332,0.9333333333333332,0.9,0.0,0.014209747314453125
3290.0,0.0,1.0,0.0,0.0,0.75,0.8,0.7666666666666667,0.7666666666666667,0.8,0.0,0.013077735900878906
3300.0,0.0,1.0,0.0,0.0,0.55,0.6,0.54,0.54,0.6,0.0,0.013704776763916016
3310.0,0.0,1.0,0.0,0.0,0.7,0.8,0.7333333333333333,0.7333333333333333,0.8,0.0,0.013305902481079102
3320.0,0.0,2.0,0.0,0.0,0.6,0.6,0.5166666666666667,0.5166666666666667,0.6,0.0,0.010915040969848633
3330.0,0.0,3.0,0.0,0.0,0.9,0.9,0.9,0.9,0.9,0.0,0.0415194034576416
3340.0,0.0,1.0,0.0,0.0,0.8333333333333333,0.8,0.7933333333333333,0.7933333333333333,0.8,0.0,0.05570840835571289
3350.0,0.0,1.0,0.0,0.0,0.5333333333333333,0.6,0.5599999999999999,0.5599999999999999,0.6,0.0,0.05397224426269531
3360.0,0.0,1.0,0.0,0.0,0.9,0.9,0.9,0.9,0.9,0.0,0.05665302276611328
3370.0,0.0,1.0,0.0,0.0,0.7,0.6,0.6333333333333333,0.6333333333333333,0.6,0.0,0.055510520935058594
3380.0,0.0,1.0,0.0,0.0,0.7333333333333333,0.7,0.6833333333333333,0.6833333333333333,0.7,0.0,0.04790496826171875
3390.0,0.0,0.0,0.0,0.0,0.8,0.6,0.65,0.65,0.6,0.0,0.04514503479003906
3400.0,0.0,1.0,0.0,0.0,1.0,1.0,1.0,1.0,1.0,0.0,0.048374176025390625
3410.0,0.0,2.0,0.0,0.0,0.8333333333333333,0.8,0.8,0.8,0.8,0.0,0.05583763122558594
3420.0,0.0,2.0,0.0,0.0,0.75,0.7,0.7066666666666668,0.7066666666666668,0.7,0.0,0.05312681198120117
3430.0,0.0,0.0,0.0,0.0,0.525,0.7,0.5904761904761904,0.5904761904761904,0.7,0.0,0.057544708251953125
3440.0,0.0,2.0,0.0,0.0,0.95,0.9,0.9066666666666666,0.9066666666666666,0.9,0.0,0.055230140686035156
3450.0,0.0,1.0,0.0,0.0,0.7,0.8,0.7333333333333333,0.7333333333333333,0.8,0.0,0.014132022857666016
3460.0,0.0,0.0,0.0,0.0,0.4666666666666666,0.6,0.52,0.52,0.6,0.0,0.012757539749145508
3470.0,0.0,3.0,0.0,0.0,0.8,0.7,0.74,0.74,0.7,0.0,0.015270709991455078
3480.0,0.0,1.0,0.0,0.0,0.95,0.9,0.9,0.9,0.9,0.0,0.01253199577331543
3490.0,0.0,2.0,0.0,0.0,1.0,0.9,0.9333333333333333,0.9333333333333333,0.9,0.0,0.009907722473144531
3500.0,0.0,1.0,0.0,0.0,0.9333333333333332,0.9,0.8933333333333333,0.8933333333333333,0.9,0.0,0.047896385192871094
3510.0,0.0,2.0,0.0,0.0,0.85,0.9,0.8666666666666666,0.8666666666666666,0.9,0.0,0.05209922790527344
3520.0,0.0,1.0,0.0,0.0,1.0,1.0,1.0,1.0,1.0,0.0,0.05506443977355957
3530.0,0.0,2.0,0.0,0.0,0.95,0.9,0.9,0.9,0.9,0.0,0.04718375205993652
3540.0,0.0,1.0,0.0,0.0,0.75,0.7,0.7095238095238094,0.7095238095238094,0.7,0.0,0.0526885986328125
3550.0,0.0,1.0,0.0,0.0,1.0,1.0,1.0,1.0,1.0,0.0,0.05963945388793945
3560.0,0.0,1.0,0.0,0.0,0.95,0.9,0.9095238095238095,0.9095238095238095,0.9,0.0,0.05167436599731445
3570.0,0.0,2.0,0.0,0.0,1.0,1.0,1.0,1.0,1.0,0.0,0.0480191707611084
3580.0,0.0,2.0,0.0,0.0,0.825,0.7,0.7228571428571429,0.7228571428571429,0.7,0.0,0.05428576469421387
3590.0,0.0,1.0,0.0,0.0,1.0,0.8,0.8733333333333334,0.8733333333333334,0.8,0.0,0.058271169662475586
3600.0,0.0,1.0,0.0,0.0,1.0,1.0,1.0,1.0,1.0,0.0,0.05411505699157715
3610.0,0.0,1.0,0.0,0.0,0.825,0.9,0.8571428571428571,0.8571428571428571,0.9,0.0,0.055199623107910156
3620.0,0.0,1.0,0.0,0.0,0.7,0.8,0.7333333333333333,0.7333333333333333,0.8,0.0,0.015422582626342773
3630.0,0.0,1.0,0.0,0.0,0.7,0.7,0.6733333333333333,0.6733333333333333,0.7,0.0,0.012573957443237305
3640.0,0.0,0.0,0.0,0.0,0.775,0.8,0.7571428571428571,0.7571428571428571,0.8,0.7780177593231201,0.013881683349609375
3650.0,0.0,4.0,0.0,0.0,1.0,1.0,1.0,1.0,1.0,0.0,0.012276411056518555
3660.0,0.0,2.0,0.0,0.0,0.9,0.8,0.8444444444444444,0.8444444444444444,0.8,0.0,0.013230562210083008
3670.0,0.0,0.0,0.0,0.0,0.6333333333333333,0.7,0.6599999999999999,0.6599999999999999,0.7,0.0,0.03953838348388672
3680.0,0.0,3.0,0.0,0.0,1.0,1.0,1.0,1.0,1.0,0.0,0.051429033279418945
3690.0,0.0,1.0,0.0,0.0,0.85,0.9,0.8666666666666666,0.8666666666666666,0.9,0.0,0.05579876899719238
3700.0,0.0,3.0,0.0,0.0,0.9,0.9,0.9,0.9,0.9,0.0,0.05164170265197754
3710.0,0.0,1.0,0.0,0.0,0.5666666666666667,0.5,0.4666666666666666,0.4666666666666666,0.5,0.0,0.0543065071105957
3720.0,0.0,1.0,0.0,0.0,0.85,0.9,0.8666666666666666,0.8666666666666666,0.9,0.0,0.06297135353088379
3730.0,0.0,1.0,0.0,0.0,0.95,0.8,0.8399999999999999,0.8399999999999999,0.8,0.0,0.04955911636352539
3740.0,0.0,2.0,0.0,0.0,0.8333333333333333,0.9,0.86,0.86,0.9,0.0,0.05102419853210449
3750.0,0.0,0.0,0.0,0.0,1.0,0.9,0.9333333333333332,0.9333333333333332,0.9,0.0,0.05177497863769531
3760.0,0.0,4.0,0.0,0.0,0.95,0.8,0.8166666666666668,0.8166666666666668,0.8,0.0,0.04959607124328613
3770.0,0.0,1.0,0.0,0.0,0.7,0.6,0.5833333333333333,0.5833333333333333,0.6,0.0,0.05206012725830078
3780.0,0.0,2.0,0.0,0.0,1.0,1.0,1.0,1.0,1.0,0.0,0.05013847351074219
3790.0,0.0,2.0,0.0,0.0,1.0,0.9,0.9333333333333332,0.9333333333333332,0.9,0.0,0.014063835144042969
3800.0,0.0,1.0,0.0,0.0,0.9,0.9,0.9,0.9,0.9,0.0,0.012425899505615234
3810.0,0.0,4.0,0.0,0.0,0.9333333333333332,0.8,0.8,0.8,0.8,0.0,0.013821601867675781
3820.0,0.0,0.0,0.0,0.0,0.4333333333333333,0.5,0.4385714285714286,0.4385714285714286,0.5,0.0,0.012152433395385742
3830.0,0.0,3.0,0.0,0.0,0.9333333333333333,0.9,0.9044444444444444,0.9044444444444444,0.9,0.0,0.01022648811340332
3840.0,0.0,4.0,0.0,0.0,0.9,0.9,0.9,0.9,0.9,0.0,0.05007052421569824
3850.0,0.0,0.0,0.0,0.0,0.5,0.5,0.5,0.5,0.5,0.0,0.04532742500305176
3860.0,0.0,1.0,0.0,0.0,0.9,0.8,0.7999999999999999,0.7999999999999999,0.8,0.0,0.04987215995788574
3870.0,0.0,2.0,0.0,0.0,0.7166666666666666,0.7,0.7,0.7,0.7,0.0,0.05358529090881348
3880.0,0.0,0.0,0.0,0.0,0.6,0.6,0.6,0.6,0.6,0.0,0.05727505683898926
3890.0,0.0,1.0,0.0,0.0,0.8,0.8,0.8,0.8,0.8,0.0,0.05511665344238281
3900.0,0.0,0.0,0.0,0.0,1.0,0.8,0.875,0.875,0.8,0.0,0.05102086067199707
3910.0,0.0,0.0,0.0,0.0,0.65,0.5,0.5416666666666667,0.5416666666666667,0.5,0.0,0.051770925521850586
3920.0,0.0,1.0,0.0,0.0,0.85,0.9,0.8666666666666668,0.8666666666666668,0.9,0.0,0.05107617378234863
3930.0,0.0,1.0,0.0,0.0,0.85,0.6,0.6666666666666667,0.6666666666666667,0.6,0.0,0.04261660575866699
3940.0,0.0,1.0,0.0,0.0,0.2333333333333333,0.4,0.2833333333333333,0.2833333333333333,0.4,0.0,0.05074262619018555
3950.0,0.0,1.0,0.0,0.0,0.55,0.5,0.52,0.52,0.5,0.0,0.056448936462402344
3960.0,0.0,1.0,0.0,0.0,0.375,0.5,0.42380952380952375,0.42380952380952375,0.5,0.0,0.014846324920654297
3970.0,0.0,3.0,0.0,0.0,1.0,1.0,1.0,1.0,1.0,0.0,0.013442039489746094
3980.0,0.0,1.0,0.0,0.0,0.95,0.8,0.8166666666666667,0.8166666666666667,0.8,0.0,0.013194799423217773
3990.0,0.0,2.0,0.0,0.0,0.9333333333333332,0.9,0.8933333333333333,0.8933333333333333,0.9,0.0,0.012550830841064453
4000.0,0.0,1.0,0.0,0.0,0.75,0.8,0.7666666666666666,0.7666666666666666,0.8,0.0,0.009570837020874023
4010.0,0.0,0.0,0.0,0.0,0.6166666666666666,0.5,0.5333333333333333,0.5333333333333333,0.5,0.0,0.03793621063232422
4020.0,0.0,1.0,0.0,0.0,0.925,0.8,0.8238095238095238,0.8238095238095238,0.8,0.0,0.055703163146972656
4030.0,0.0,3.0,0.0,0.0,0.85,0.9,0.8666666666666666,0.8666666666666666,0.9,0.0,0.051844120025634766
4040.0,0.0,1.0,0.0,0.0,0.5666666666666667,0.6,0.58,0.58,0.6,0.0,0.04833984375
4050.0,0.0,2.0,0.0,0.0,0.6333333333333333,0.7,0.6333333333333334,0.6333333333333334,0.7,0.0,0.0551602840423584
4060.0,0.0,2.0,0.0,0.0,0.8166666666666667,0.7,0.67,0.67,0.7,0.0,0.05714988708496094
4070.0,0.0,2.0,0.0,0.0,1.0,1.0,1.0,1.0,1.0,0.0,0.05243372917175293
4080.0,0.0,0.0,0.0,0.0,0.95,0.7,0.7266666666666667,0.7266666666666667,0.7,0.0,0.05220770835876465
4090.0,0.0,1.0,0.0,0.0,0.7,0.6,0.5833333333333333,0.5833333333333333,0.6,0.0,0.05324053764343262
4100.0,0.0,3.0,0.0,0.0,0.7333333333333333,0.8,0.76,0.76,0.8,0.0,0.04906129837036133
4110.0,0.0,3.0,0.0,0.0,0.53,0.7,0.5916666666666666,0.5916666666666666,0.7,0.0,0.056151628494262695
4120.0,0.0,2.0,0.0,0.0,0.6666666666666666,0.6,0.5599999999999999,0.5599999999999999,0.6,0.0,0.03692913055419922
4130.0,0.0,4.0,0.0,0.0,1.0,0.9,0.9333333333333332,0.9333333333333332,0.9,0.0,0.012735843658447266
4140.0,0.0,1.0,0.0,0.0,0.8,0.8,0.7666666666666666,0.7666666666666666,0.8,0.0,0.012410402297973633
4150.0,0.0,2.0,0.0,0.0,1.0,0.9,0.9333333333333332,0.9333333333333332,0.9,0.0,0.013174772262573242
4160.0,0.0,1.0,0.0,0.0,0.75,0.5,0.5,0.5,0.5,0.0,0.012150049209594727
4170.0,0.0,1.0,0.0,0.0,0.72,0.8,0.7555555555555555,0.7555555555555555,0.8,0.0,0.012239933013916016
4180.0,0.0,2.0,0.0,0.0,0.825,0.9,0.8571428571428571,0.8571428571428571,0.9,0.0,0.051223039627075195
4190.0,0.0,1.0,0.0,0.0,0.6333333333333333,0.6,0.5333333333333333,0.5333333333333333,0.6,0.0,0.04991722106933594
4200.0,0.0,1.0,0.0,0.0,1.0,0.9,0.9333333333333332,0.9333333333333332,0.9,0.0,0.055861711502075195
4210.0,0.0,3.0,0.0,0.0,0.625,0.7,0.6571428571428571,0.6571428571428571,0.7,0.0,0.05208921432495117
4220.0,0.0,1.0,0.0,0.0,0.9,0.9,0.9,0.9,0.9,0.0,0.05116677284240723
4230.0,0.0,0.0,0.0,0.0,0.8,0.6,0.6666666666666666,0.6666666666666666,0.6,0.0,0.0574650764465332
4240.0,0.0,1.0,0.0,0.0,0.5833333333333333,0.6,0.55,0.55,0.6,0.0,0.0547182559967041
4250.0,0.0,1.0,0.0,0.0,0.5,0.6,0.5333333333333333,0.5333333333333333,0.6,0.0,0.05532956123352051
4260.0,0.0,2.0,0.0,0.0,0.875,0.8,0.7904761904761904,0.7904761904761904,0.8,0.0,0.05249214172363281
4270.0,0.0,1.0,0.0,0.0,0.9,0.9,0.9,0.9,0.9,0.0,0.05772066116333008
4280.0,0.0,1.0,0.0,0.0,0.9,0.8,0.8066666666666666,0.8066666666666666,0.8,0.0,0.05060863494873047
4290.0,0.0,1.0,0.0,0.0,0.75,0.8,0.7666666666666666,0.7666666666666666,0.8,0.0,0.03104400634765625
4300.0,0.0,3.0,0.0,0.0,0.65,0.7,0.6333333333333333,0.6333333333333333,0.7,0.0,0.012729883193969727
4310.0,0.0,2.0,0.0,0.0,0.8333333333333333,0.9,0.86,0.86,0.9,0.0,0.012269020080566406
4320.0,0.0,4.0,0.0,0.0,0.7333333333333333,0.7,0.6833333333333333,0.6833333333333333,0.7,0.0,0.01306295394897461
4330.0,0.0,1.0,0.0,0.0,0.95,0.9,0.9,0.9,0.9,0.0,0.01194906234741211
4340.0,0.0,1.0,0.0,0.0,0.78,0.7,0.6642857142857144,0.6642857142857144,0.7,0.0,0.009710311889648438
4350.0,0.0,0.0,0.0,0.0,0.7,0.7,0.6866666666666668,0.6866666666666668,0.7,0.0,0.04305529594421387
4360.0,0.0,2.0,0.0,0.0,1.0,1.0,1.0,1.0,1.0,0.0,0.052026987075805664
4370.0,0.0,1.0,0.0,0.0,0.65,0.5,0.5166666666666666,0.5166666666666666,0.5,0.0,0.053865909576416016
4380.0,0.0,3.0,0.0,0.0,0.85,0.8,0.8,0.8,0.8,0.0,0.04540538787841797
4390.0,0.0,2.0,0.0,0.0,0.5833333333333333,0.7,0.6266666666666667,0.6266666666666667,0.7,0.0,0.055426597595214844
4400.0,0.0,1.0,0.0,0.0,0.85,0.8,0.8066666666666666,0.8066666666666666,0.8,0.0,0.05398154258728027
4410.0,0.0,1.0,0.0,0.0,0.7,0.6,0.5833333333333333,0.5833333333333333,0.6,0.0,0.050952911376953125
4420.0,0.0,1.0,0.0,0.0,0.75,0.8,0.7666666666666666,0.7666666666666666,0.8,0.0,0.05272078514099121
4430.0,0.0,1.0,0.0,0.0,0.7666666666666667,0.6,0.6466666666666666,0.6466666666666666,0.6,0.0,0.054436683654785156
4440.0,0.0,1.0,0.0,0.0,0.9,0.9,0.9,0.9,0.9,0.0,0.05083322525024414
4450.0,0.0,1.0,0.0,0.0,0.8,0.7,0.7333333333333333,0.7333333333333333,0.7,0.0,0.050693511962890625
4460.0,0.0,2.0,0.0,0.0,0.7333333333333333,0.7,0.6933333333333334,0.6933333333333334,0.7,0.0,0.03418421745300293
4467.0,0.0,1.0,0.0,0.0,0.7857142857142857,0.8571428571428571,0.8095238095238094,0.8095238095238094,0.8571428571428571,0.0,0.009221315383911133
4468.0,0.0,1.0,0.0,0.0,1.0,1.0,1.0,1.0,1.0,0.0,0.0018672943115234375
