buying,doors,lug_boot,maint,persons,safety,class,prediction
0.0,0.0,0.0,0.0,1.0,1.0,0.0,0.0
0.0,0.0,0.0,0.0,1.0,2.0,0.0,0.0
0.0,0.0,1.0,0.0,1.0,0.0,0.0,0.0
0.0,0.0,1.0,0.0,1.0,1.0,0.0,0.0
0.0,0.0,1.0,0.0,1.0,2.0,0.0,0.0
0.0,0.0,2.0,0.0,1.0,0.0,0.0,0.0
0.0,0.0,2.0,0.0,1.0,1.0,0.0,0.0
0.0,0.0,2.0,0.0,1.0,2.0,0.0,0.0
0.0,0.0,0.0,0.0,2.0,0.0,0.0,0.0
0.0,0.0,0.0,0.0,2.0,1.0,0.0,0.0
0.0,0.0,0.0,0.0,2.0,2.0,0.0,0.0
0.0,0.0,1.0,0.0,2.0,0.0,0.0,0.0
0.0,0.0,1.0,0.0,2.0,1.0,0.0,0.0
0.0,0.0,1.0,0.0,2.0,2.0,0.0,0.0
0.0,0.0,2.0,0.0,2.0,0.0,0.0,0.0
0.0,0.0,2.0,0.0,2.0,1.0,0.0,0.0
0.0,0.0,2.0,0.0,2.0,2.0,0.0,0.0
0.0,1.0,0.0,0.0,0.0,0.0,0.0,0.0
0.0,1.0,0.0,0.0,0.0,1.0,0.0,0.0
0.0,1.0,0.0,0.0,0.0,2.0,0.0,0.0
0.0,1.0,1.0,0.0,0.0,0.0,0.0,0.0
0.0,1.0,1.0,0.0,0.0,1.0,0.0,0.0
0.0,1.0,1.0,0.0,0.0,2.0,0.0,0.0
0.0,1.0,2.0,0.0,0.0,0.0,0.0,0.0
0.0,1.0,2.0,0.0,0.0,1.0,0.0,0.0
0.0,1.0,2.0,0.0,0.0,2.0,0.0,0.0
0.0,1.0,0.0,0.0,1.0,0.0,0.0,0.0
0.0,1.0,0.0,0.0,1.0,1.0,0.0,0.0
0.0,1.0,0.0,0.0,1.0,2.0,0.0,0.0
0.0,1.0,1.0,0.0,1.0,0.0,0.0,0.0
0.0,1.0,1.0,0.0,1.0,1.0,0.0,0.0
0.0,1.0,1.0,0.0,1.0,2.0,0.0,0.0
0.0,1.0,2.0,0.0,1.0,0.0,0.0,0.0
0.0,1.0,2.0,0.0,1.0,1.0,0.0,0.0
0.0,1.0,2.0,0.0,1.0,2.0,0.0,0.0
0.0,1.0,0.0,0.0,2.0,0.0,0.0,0.0
0.0,1.0,0.0,0.0,2.0,1.0,0.0,0.0
0.0,1.0,0.0,0.0,2.0,2.0,0.0,0.0
0.0,1.0,1.0,0.0,2.0,0.0,0.0,0.0
0.0,1.0,1.0,0.0,2.0,1.0,0.0,0.0
0.0,1.0,1.0,0.0,2.0,2.0,0.0,0.0
0.0,1.0,2.0,0.0,2.0,0.0,0.0,0.0
0.0,1.0,2.0,0.0,2.0,1.0,0.0,0.0
0.0,1.0,2.0,0.0,2.0,2.0,0.0,0.0
0.0,2.0,0.0,0.0,0.0,0.0,0.0,0.0
0.0,2.0,0.0,0.0,0.0,1.0,0.0,0.0
0.0,2.0,0.0,0.0,0.0,2.0,0.0,0.0
0.0,2.0,1.0,0.0,0.0,0.0,0.0,0.0
0.0,2.0,1.0,0.0,0.0,1.0,0.0,0.0
0.0,2.0,1.0,0.0,0.0,2.0,0.0,0.0
0.0,2.0,2.0,0.0,0.0,0.0,0.0,0.0
0.0,2.0,2.0,0.0,0.0,1.0,0.0,0.0
0.0,2.0,2.0,0.0,0.0,2.0,0.0,0.0
0.0,2.0,0.0,0.0,1.0,0.0,0.0,0.0
0.0,2.0,0.0,0.0,1.0,1.0,0.0,0.0
0.0,2.0,0.0,0.0,1.0,2.0,0.0,0.0
0.0,2.0,1.0,0.0,1.0,0.0,0.0,0.0
0.0,2.0,1.0,0.0,1.0,1.0,0.0,0.0
0.0,2.0,1.0,0.0,1.0,2.0,0.0,0.0
0.0,2.0,2.0,0.0,1.0,0.0,0.0,0.0
0.0,2.0,2.0,0.0,1.0,1.0,0.0,0.0
0.0,2.0,2.0,0.0,1.0,2.0,0.0,0.0
0.0,2.0,0.0,0.0,2.0,0.0,0.0,0.0
0.0,2.0,0.0,0.0,2.0,1.0,0.0,0.0
0.0,2.0,0.0,0.0,2.0,2.0,0.0,0.0
0.0,2.0,1.0,0.0,2.0,0.0,0.0,0.0
0.0,2.0,1.0,0.0,2.0,1.0,0.0,0.0
0.0,2.0,1.0,0.0,2.0,2.0,0.0,0.0
0.0,2.0,2.0,0.0,2.0,0.0,0.0,0.0
0.0,2.0,2.0,0.0,2.0,1.0,0.0,0.0
0.0,2.0,2.0,0.0,2.0,2.0,0.0,0.0
0.0,3.0,0.0,0.0,0.0,0.0,0.0,0.0
0.0,3.0,0.0,0.0,0.0,1.0,0.0,0.0
0.0,3.0,0.0,0.0,0.0,2.0,0.0,0.0
0.0,3.0,1.0,0.0,0.0,0.0,0.0,0.0
0.0,3.0,1.0,0.0,0.0,1.0,0.0,0.0
0.0,3.0,1.0,0.0,0.0,2.0,0.0,0.0
0.0,3.0,2.0,0.0,0.0,0.0,0.0,0.0
0.0,3.0,2.0,0.0,0.0,1.0,0.0,0.0
0.0,3.0,2.0,0.0,0.0,2.0,0.0,0.0
0.0,3.0,0.0,0.0,1.0,0.0,0.0,0.0
0.0,3.0,0.0,0.0,1.0,1.0,0.0,0.0
0.0,3.0,0.0,0.0,1.0,2.0,0.0,0.0
0.0,3.0,1.0,0.0,1.0,0.0,0.0,0.0
0.0,3.0,1.0,0.0,1.0,1.0,0.0,0.0
0.0,3.0,1.0,0.0,1.0,2.0,0.0,0.0
0.0,3.0,2.0,0.0,1.0,0.0,0.0,0.0
0.0,3.0,2.0,0.0,1.0,1.0,0.0,0.0
0.0,3.0,2.0,0.0,1.0,2.0,0.0,0.0
0.0,3.0,0.0,0.0,2.0,0.0,0.0,0.0
0.0,3.0,0.0,0.0,2.0,1.0,0.0,0.0
0.0,3.0,0.0,0.0,2.0,2.0,0.0,0.0
0.0,3.0,1.0,0.0,2.0,0.0,0.0,0.0
0.0,3.0,1.0,0.0,2.0,1.0,0.0,0.0
0.0,3.0,1.0,0.0,2.0,2.0,0.0,0.0
0.0,3.0,2.0,0.0,2.0,0.0,0.0,0.0
0.0,3.0,2.0,0.0,2.0,1.0,0.0,0.0
0.0,3.0,2.0,0.0,2.0,2.0,0.0,0.0
0.0,0.0,0.0,1.0,0.0,0.0,0.0,0.0
0.0,0.0,0.0,1.0,0.0,1.0,0.0,0.0
0.0,0.0,0.0,1.0,0.0,2.0,0.0,0.0
0.0,0.0,1.0,1.0,0.0,0.0,0.0,0.0
0.0,0.0,1.0,1.0,0.0,1.0,0.0,0.0
0.0,0.0,1.0,1.0,0.0,2.0,0.0,0.0
0.0,0.0,2.0,1.0,0.0,0.0,0.0,0.0
0.0,0.0,2.0,1.0,0.0,1.0,0.0,0.0
0.0,0.0,2.0,1.0,0.0,2.0,0.0,0.0
0.0,0.0,0.0,1.0,1.0,0.0,0.0,0.0
0.0,0.0,0.0,1.0,1.0,1.0,0.0,0.0
0.0,0.0,0.0,1.0,1.0,2.0,0.0,0.0
0.0,0.0,1.0,1.0,1.0,0.0,0.0,0.0
0.0,0.0,1.0,1.0,1.0,1.0,0.0,0.0
0.0,0.0,2.0,1.0,1.0,0.0,0.0,0.0
0.0,0.0,2.0,1.0,1.0,1.0,0.0,0.0
0.0,0.0,2.0,1.0,1.0,2.0,0.0,0.0
0.0,0.0,0.0,1.0,2.0,0.0,0.0,0.0
0.0,0.0,0.0,1.0,2.0,1.0,0.0,0.0
0.0,0.0,0.0,1.0,2.0,2.0,0.0,0.0
0.0,0.0,1.0,1.0,2.0,0.0,0.0,0.0
0.0,0.0,1.0,1.0,2.0,1.0,0.0,0.0
0.0,0.0,1.0,1.0,2.0,2.0,0.0,0.0
0.0,0.0,2.0,1.0,2.0,0.0,0.0,0.0
0.0,0.0,2.0,1.0,2.0,1.0,0.0,0.0
0.0,0.0,2.0,1.0,2.0,2.0,0.0,0.0
0.0,1.0,0.0,1.0,0.0,0.0,0.0,0.0
0.0,1.0,0.0,1.0,0.0,1.0,0.0,0.0
0.0,1.0,0.0,1.0,0.0,2.0,0.0,0.0
0.0,1.0,1.0,1.0,0.0,0.0,0.0,0.0
0.0,1.0,1.0,1.0,0.0,1.0,0.0,0.0
0.0,1.0,1.0,1.0,0.0,2.0,0.0,0.0
0.0,1.0,2.0,1.0,0.0,0.0,0.0,0.0
0.0,1.0,2.0,1.0,0.0,1.0,0.0,0.0
0.0,1.0,2.0,1.0,0.0,2.0,0.0,0.0
0.0,1.0,0.0,1.0,1.0,0.0,0.0,0.0
0.0,1.0,0.0,1.0,1.0,1.0,0.0,0.0
0.0,1.0,0.0,1.0,1.0,2.0,0.0,0.0
0.0,1.0,1.0,1.0,1.0,0.0,0.0,0.0
0.0,1.0,1.0,1.0,1.0,1.0,0.0,0.0
0.0,1.0,1.0,1.0,1.0,2.0,0.0,0.0
0.0,1.0,2.0,1.0,1.0,0.0,0.0,0.0
0.0,1.0,2.0,1.0,1.0,1.0,0.0,0.0
0.0,1.0,2.0,1.0,1.0,2.0,0.0,0.0
0.0,1.0,0.0,1.0,2.0,0.0,0.0,0.0
0.0,1.0,0.0,1.0,2.0,1.0,0.0,0.0
0.0,1.0,0.0,1.0,2.0,2.0,0.0,0.0
0.0,1.0,1.0,1.0,2.0,0.0,0.0,0.0
0.0,1.0,1.0,1.0,2.0,1.0,0.0,0.0
0.0,1.0,1.0,1.0,2.0,2.0,0.0,0.0
0.0,1.0,2.0,1.0,2.0,0.0,0.0,0.0
0.0,1.0,2.0,1.0,2.0,1.0,0.0,0.0
0.0,1.0,2.0,1.0,2.0,2.0,0.0,0.0
0.0,2.0,0.0,1.0,0.0,0.0,0.0,0.0
0.0,2.0,0.0,1.0,0.0,1.0,0.0,0.0
0.0,2.0,0.0,1.0,0.0,2.0,0.0,0.0
0.0,2.0,1.0,1.0,0.0,0.0,0.0,0.0
0.0,2.0,1.0,1.0,0.0,1.0,0.0,0.0
0.0,2.0,1.0,1.0,0.0,2.0,0.0,0.0
0.0,2.0,2.0,1.0,0.0,0.0,0.0,0.0
0.0,2.0,2.0,1.0,0.0,1.0,0.0,0.0
0.0,2.0,2.0,1.0,0.0,2.0,0.0,0.0
0.0,2.0,0.0,1.0,1.0,0.0,0.0,0.0
0.0,2.0,0.0,1.0,1.0,1.0,0.0,0.0
0.0,2.0,0.0,1.0,1.0,2.0,0.0,0.0
0.0,2.0,1.0,1.0,1.0,0.0,0.0,0.0
0.0,2.0,1.0,1.0,1.0,1.0,0.0,0.0
0.0,2.0,1.0,1.0,1.0,2.0,0.0,0.0
0.0,2.0,2.0,1.0,1.0,0.0,0.0,0.0
0.0,2.0,2.0,1.0,1.0,1.0,0.0,0.0
0.0,2.0,2.0,1.0,1.0,2.0,0.0,0.0
0.0,2.0,0.0,1.0,2.0,0.0,0.0,0.0
0.0,2.0,0.0,1.0,2.0,1.0,0.0,0.0
0.0,2.0,0.0,1.0,2.0,2.0,0.0,0.0
0.0,2.0,1.0,1.0,2.0,0.0,0.0,0.0
0.0,2.0,1.0,1.0,2.0,1.0,0.0,0.0
0.0,2.0,1.0,1.0,2.0,2.0,0.0,0.0
0.0,2.0,2.0,1.0,2.0,0.0,0.0,0.0
0.0,2.0,2.0,1.0,2.0,1.0,0.0,0.0
0.0,2.0,2.0,1.0,2.0,2.0,0.0,0.0
0.0,3.0,0.0,1.0,0.0,0.0,0.0,0.0
0.0,3.0,0.0,1.0,0.0,1.0,0.0,0.0
0.0,3.0,0.0,1.0,0.0,2.0,0.0,0.0
0.0,3.0,1.0,1.0,0.0,0.0,0.0,0.0
0.0,3.0,1.0,1.0,0.0,1.0,0.0,0.0
0.0,3.0,1.0,1.0,0.0,2.0,0.0,0.0
0.0,3.0,2.0,1.0,0.0,0.0,0.0,0.0
0.0,3.0,2.0,1.0,0.0,1.0,0.0,0.0
0.0,3.0,2.0,1.0,0.0,2.0,0.0,0.0
0.0,3.0,0.0,1.0,1.0,0.0,0.0,0.0
0.0,3.0,0.0,1.0,1.0,1.0,0.0,0.0
0.0,3.0,0.0,1.0,1.0,2.0,0.0,0.0
0.0,3.0,2.0,1.0,1.0,0.0,0.0,0.0
0.0,3.0,2.0,1.0,1.0,2.0,0.0,0.0
0.0,3.0,0.0,1.0,2.0,1.0,0.0,0.0
0.0,3.0,1.0,1.0,2.0,0.0,0.0,0.0
0.0,3.0,1.0,1.0,2.0,2.0,0.0,0.0
0.0,3.0,2.0,1.0,2.0,1.0,0.0,0.0
0.0,3.0,2.0,1.0,2.0,2.0,0.0,0.0
0.0,0.0,0.0,2.0,0.0,1.0,0.0,0.0
0.0,0.0,0.0,2.0,0.0,2.0,0.0,0.0
0.0,0.0,1.0,2.0,0.0,0.0,0.0,0.0
0.0,0.0,1.0,2.0,0.0,1.0,0.0,0.0
0.0,0.0,1.0,2.0,0.0,2.0,0.0,0.0
0.0,0.0,2.0,2.0,0.0,0.0,0.0,0.0
0.0,0.0,2.0,2.0,0.0,1.0,0.0,0.0
0.0,0.0,2.0,2.0,0.0,2.0,0.0,0.0
0.0,0.0,0.0,2.0,1.0,0.0,0.0,0.0
0.0,0.0,0.0,2.0,1.0,1.0,0.0,0.0
0.0,0.0,0.0,2.0,1.0,2.0,1.0,0.0
0.0,0.0,1.0,2.0,1.0,0.0,0.0,0.0
0.0,0.0,1.0,2.0,1.0,1.0,0.0,0.0
0.0,0.0,1.0,2.0,1.0,2.0,1.0,0.0
0.0,0.0,2.0,2.0,1.0,0.0,0.0,0.0
0.0,0.0,2.0,2.0,1.0,1.0,1.0,0.0
0.0,0.0,2.0,2.0,1.0,2.0,1.0,0.0
0.0,0.0,0.0,2.0,2.0,0.0,0.0,0.0
0.0,0.0,0.0,2.0,2.0,1.0,0.0,0.0
0.0,0.0,0.0,2.0,2.0,2.0,0.0,0.0
0.0,0.0,1.0,2.0,2.0,0.0,0.0,0.0
0.0,0.0,1.0,2.0,2.0,1.0,0.0,0.0
0.0,0.0,1.0,2.0,2.0,2.0,1.0,0.0
0.0,0.0,2.0,2.0,2.0,0.0,0.0,0.0
0.0,0.0,2.0,2.0,2.0,1.0,1.0,0.0
0.0,0.0,2.0,2.0,2.0,2.0,1.0,0.0
0.0,1.0,0.0,2.0,0.0,0.0,0.0,0.0
0.0,1.0,0.0,2.0,0.0,1.0,0.0,0.0
0.0,1.0,0.0,2.0,0.0,2.0,0.0,0.0
0.0,1.0,1.0,2.0,0.0,0.0,0.0,0.0
0.0,1.0,1.0,2.0,0.0,1.0,0.0,0.0
0.0,1.0,1.0,2.0,0.0,2.0,0.0,0.0
0.0,1.0,2.0,2.0,0.0,0.0,0.0,0.0
0.0,1.0,2.0,2.0,0.0,1.0,0.0,0.0
0.0,1.0,2.0,2.0,0.0,2.0,0.0,0.0
0.0,1.0,0.0,2.0,1.0,0.0,0.0,0.0
0.0,1.0,0.0,2.0,1.0,1.0,0.0,0.0
0.0,1.0,0.0,2.0,1.0,2.0,1.0,0.0
0.0,1.0,1.0,2.0,1.0,0.0,0.0,0.0
0.0,1.0,1.0,2.0,1.0,1.0,0.0,0.0
0.0,1.0,1.0,2.0,1.0,2.0,1.0,0.0
0.0,1.0,2.0,2.0,1.0,0.0,0.0,0.0
0.0,1.0,2.0,2.0,1.0,1.0,1.0,0.0
0.0,1.0,2.0,2.0,1.0,2.0,1.0,0.0
0.0,1.0,0.0,2.0,2.0,0.0,0.0,0.0
0.0,1.0,0.0,2.0,2.0,1.0,0.0,0.0
0.0,1.0,0.0,2.0,2.0,2.0,1.0,0.0
0.0,1.0,1.0,2.0,2.0,0.0,0.0,0.0
0.0,1.0,1.0,2.0,2.0,1.0,1.0,0.0
0.0,1.0,1.0,2.0,2.0,2.0,1.0,0.0
0.0,1.0,2.0,2.0,2.0,0.0,0.0,0.0
0.0,1.0,2.0,2.0,2.0,1.0,1.0,0.0
0.0,1.0,2.0,2.0,2.0,2.0,1.0,0.0
0.0,2.0,0.0,2.0,0.0,0.0,0.0,0.0
0.0,2.0,0.0,2.0,0.0,1.0,0.0,0.0
0.0,2.0,0.0,2.0,0.0,2.0,0.0,0.0
0.0,2.0,1.0,2.0,0.0,0.0,0.0,0.0
0.0,2.0,1.0,2.0,0.0,1.0,0.0,0.0
0.0,2.0,1.0,2.0,0.0,2.0,0.0,0.0
0.0,2.0,2.0,2.0,0.0,0.0,0.0,0.0
0.0,2.0,2.0,2.0,0.0,1.0,0.0,0.0
0.0,2.0,2.0,2.0,0.0,2.0,0.0,0.0
0.0,2.0,0.0,2.0,1.0,0.0,0.0,0.0
0.0,2.0,0.0,2.0,1.0,1.0,0.0,0.0
0.0,2.0,0.0,2.0,1.0,2.0,1.0,0.0
0.0,2.0,1.0,2.0,1.0,0.0,0.0,0.0
0.0,2.0,1.0,2.0,1.0,1.0,1.0,0.0
0.0,2.0,1.0,2.0,1.0,2.0,1.0,0.0
0.0,2.0,2.0,2.0,1.0,0.0,0.0,0.0
0.0,2.0,2.0,2.0,1.0,1.0,1.0,0.0
0.0,2.0,2.0,2.0,1.0,2.0,1.0,0.0
0.0,2.0,0.0,2.0,2.0,0.0,0.0,0.0
0.0,2.0,0.0,2.0,2.0,1.0,0.0,0.0
0.0,2.0,0.0,2.0,2.0,2.0,1.0,0.0
0.0,2.0,1.0,2.0,2.0,0.0,0.0,0.0
0.0,2.0,1.0,2.0,2.0,1.0,1.0,0.0
0.0,2.0,1.0,2.0,2.0,2.0,1.0,0.0
0.0,2.0,2.0,2.0,2.0,0.0,0.0,0.0
0.0,2.0,2.0,2.0,2.0,1.0,1.0,0.0
0.0,2.0,2.0,2.0,2.0,2.0,1.0,0.0
0.0,3.0,0.0,2.0,0.0,0.0,0.0,0.0
0.0,3.0,0.0,2.0,0.0,1.0,0.0,0.0
0.0,3.0,0.0,2.0,0.0,2.0,0.0,0.0
0.0,3.0,1.0,2.0,0.0,0.0,0.0,0.0
0.0,3.0,1.0,2.0,0.0,1.0,0.0,0.0
0.0,3.0,1.0,2.0,0.0,2.0,0.0,0.0
0.0,3.0,2.0,2.0,0.0,0.0,0.0,0.0
0.0,3.0,2.0,2.0,0.0,1.0,0.0,0.0
0.0,3.0,2.0,2.0,0.0,2.0,0.0,0.0
0.0,3.0,0.0,2.0,1.0,0.0,0.0,0.0
0.0,3.0,0.0,2.0,1.0,1.0,0.0,0.0
0.0,3.0,0.0,2.0,1.0,2.0,1.0,0.0
0.0,3.0,1.0,2.0,1.0,0.0,0.0,0.0
0.0,3.0,1.0,2.0,1.0,1.0,1.0,0.0
0.0,3.0,1.0,2.0,1.0,2.0,1.0,0.0
0.0,3.0,2.0,2.0,1.0,0.0,0.0,0.0
0.0,3.0,2.0,2.0,1.0,1.0,1.0,0.0
0.0,3.0,2.0,2.0,1.0,2.0,1.0,0.0
0.0,3.0,0.0,2.0,2.0,0.0,0.0,0.0
0.0,3.0,0.0,2.0,2.0,1.0,0.0,0.0
0.0,3.0,0.0,2.0,2.0,2.0,1.0,0.0
0.0,3.0,1.0,2.0,2.0,0.0,0.0,0.0
0.0,3.0,1.0,2.0,2.0,1.0,1.0,0.0
0.0,3.0,1.0,2.0,2.0,2.0,1.0,0.0
0.0,3.0,2.0,2.0,2.0,0.0,0.0,0.0
0.0,3.0,2.0,2.0,2.0,1.0,1.0,0.0
0.0,3.0,2.0,2.0,2.0,2.0,1.0,0.0
0.0,0.0,0.0,3.0,0.0,0.0,0.0,0.0
0.0,0.0,0.0,3.0,0.0,1.0,0.0,0.0
0.0,0.0,0.0,3.0,0.0,2.0,0.0,0.0
0.0,0.0,1.0,3.0,0.0,0.0,0.0,0.0
0.0,0.0,1.0,3.0,0.0,1.0,0.0,0.0
0.0,0.0,1.0,3.0,0.0,2.0,0.0,0.0
0.0,0.0,2.0,3.0,0.0,0.0,0.0,0.0
0.0,0.0,2.0,3.0,0.0,1.0,0.0,0.0
0.0,0.0,2.0,3.0,0.0,2.0,0.0,0.0
0.0,0.0,0.0,3.0,1.0,0.0,0.0,0.0
0.0,0.0,0.0,3.0,1.0,1.0,0.0,0.0
0.0,0.0,0.0,3.0,1.0,2.0,1.0,0.0
0.0,0.0,1.0,3.0,1.0,0.0,0.0,0.0
0.0,0.0,1.0,3.0,1.0,1.0,0.0,0.0
0.0,0.0,1.0,3.0,1.0,2.0,1.0,0.0
0.0,0.0,2.0,3.0,1.0,0.0,0.0,0.0
0.0,0.0,2.0,3.0,1.0,1.0,1.0,0.0
0.0,0.0,2.0,3.0,1.0,2.0,1.0,0.0
0.0,0.0,0.0,3.0,2.0,0.0,0.0,0.0
0.0,0.0,0.0,3.0,2.0,1.0,0.0,0.0
0.0,0.0,0.0,3.0,2.0,2.0,0.0,0.0
0.0,0.0,1.0,3.0,2.0,0.0,0.0,0.0
0.0,0.0,1.0,3.0,2.0,1.0,0.0,0.0
0.0,0.0,1.0,3.0,2.0,2.0,1.0,0.0
0.0,0.0,2.0,3.0,2.0,0.0,0.0,0.0
0.0,0.0,2.0,3.0,2.0,1.0,1.0,0.0
0.0,0.0,2.0,3.0,2.0,2.0,1.0,0.0
0.0,1.0,0.0,3.0,0.0,0.0,0.0,0.0
0.0,1.0,0.0,3.0,0.0,1.0,0.0,0.0
0.0,1.0,0.0,3.0,0.0,2.0,0.0,0.0
0.0,1.0,1.0,3.0,0.0,0.0,0.0,0.0
0.0,1.0,1.0,3.0,0.0,1.0,0.0,0.0
0.0,1.0,1.0,3.0,0.0,2.0,0.0,0.0
0.0,1.0,2.0,3.0,0.0,0.0,0.0,0.0
0.0,1.0,2.0,3.0,0.0,1.0,0.0,0.0
0.0,1.0,2.0,3.0,0.0,2.0,0.0,0.0
0.0,1.0,0.0,3.0,1.0,0.0,0.0,0.0
0.0,1.0,0.0,3.0,1.0,1.0,0.0,0.0
0.0,1.0,0.0,3.0,1.0,2.0,1.0,0.0
0.0,1.0,1.0,3.0,1.0,0.0,0.0,0.0
0.0,1.0,1.0,3.0,1.0,1.0,0.0,0.0
0.0,1.0,1.0,3.0,1.0,2.0,1.0,0.0
0.0,1.0,2.0,3.0,1.0,0.0,0.0,0.0
0.0,1.0,2.0,3.0,1.0,1.0,1.0,0.0
0.0,1.0,2.0,3.0,1.0,2.0,1.0,0.0
0.0,1.0,0.0,3.0,2.0,0.0,0.0,0.0
0.0,1.0,0.0,3.0,2.0,1.0,0.0,0.0
0.0,1.0,0.0,3.0,2.0,2.0,1.0,0.0
0.0,1.0,1.0,3.0,2.0,0.0,0.0,0.0
0.0,1.0,1.0,3.0,2.0,1.0,1.0,0.0
0.0,1.0,1.0,3.0,2.0,2.0,1.0,0.0
0.0,1.0,2.0,3.0,2.0,0.0,0.0,0.0
0.0,1.0,2.0,3.0,2.0,1.0,1.0,0.0
0.0,1.0,2.0,3.0,2.0,2.0,1.0,0.0
0.0,2.0,0.0,3.0,0.0,0.0,0.0,0.0
0.0,2.0,0.0,3.0,0.0,1.0,0.0,0.0
0.0,2.0,0.0,3.0,0.0,2.0,0.0,0.0
0.0,2.0,1.0,3.0,0.0,0.0,0.0,0.0
0.0,2.0,1.0,3.0,0.0,1.0,0.0,0.0
0.0,2.0,1.0,3.0,0.0,2.0,0.0,0.0
0.0,2.0,2.0,3.0,0.0,0.0,0.0,0.0
0.0,2.0,2.0,3.0,0.0,1.0,0.0,0.0
0.0,2.0,2.0,3.0,0.0,2.0,0.0,0.0
0.0,2.0,0.0,3.0,1.0,0.0,0.0,0.0
0.0,2.0,0.0,3.0,1.0,1.0,0.0,0.0
0.0,2.0,0.0,3.0,1.0,2.0,1.0,0.0
0.0,2.0,1.0,3.0,1.0,0.0,0.0,0.0
0.0,2.0,1.0,3.0,1.0,1.0,1.0,0.0
0.0,2.0,1.0,3.0,1.0,2.0,1.0,0.0
0.0,2.0,2.0,3.0,1.0,0.0,0.0,0.0
0.0,2.0,2.0,3.0,1.0,1.0,1.0,0.0
0.0,2.0,2.0,3.0,1.0,2.0,1.0,0.0
0.0,2.0,0.0,3.0,2.0,0.0,0.0,0.0
0.0,2.0,0.0,3.0,2.0,1.0,0.0,0.0
0.0,2.0,0.0,3.0,2.0,2.0,1.0,0.0
0.0,2.0,1.0,3.0,2.0,0.0,0.0,0.0
0.0,2.0,1.0,3.0,2.0,1.0,1.0,0.0
0.0,2.0,1.0,3.0,2.0,2.0,1.0,0.0
0.0,2.0,2.0,3.0,2.0,0.0,0.0,0.0
0.0,2.0,2.0,3.0,2.0,1.0,1.0,0.0
0.0,2.0,2.0,3.0,2.0,2.0,1.0,0.0
0.0,3.0,0.0,3.0,0.0,0.0,0.0,0.0
0.0,3.0,0.0,3.0,0.0,1.0,0.0,0.0
0.0,3.0,0.0,3.0,0.0,2.0,0.0,0.0
0.0,3.0,1.0,3.0,0.0,0.0,0.0,0.0
0.0,3.0,1.0,3.0,0.0,1.0,0.0,0.0
0.0,3.0,1.0,3.0,0.0,2.0,0.0,0.0
0.0,3.0,2.0,3.0,0.0,0.0,0.0,0.0
0.0,3.0,2.0,3.0,0.0,1.0,0.0,0.0
0.0,3.0,2.0,3.0,0.0,2.0,0.0,0.0
0.0,3.0,0.0,3.0,1.0,0.0,0.0,0.0
0.0,3.0,0.0,3.0,1.0,1.0,0.0,0.0
0.0,3.0,0.0,3.0,1.0,2.0,1.0,0.0
0.0,3.0,1.0,3.0,1.0,0.0,0.0,0.0
0.0,3.0,1.0,3.0,1.0,1.0,1.0,0.0
0.0,3.0,1.0,3.0,1.0,2.0,1.0,0.0
0.0,3.0,2.0,3.0,1.0,0.0,0.0,0.0
0.0,3.0,2.0,3.0,1.0,1.0,1.0,0.0
0.0,3.0,2.0,3.0,1.0,2.0,1.0,0.0
0.0,3.0,0.0,3.0,2.0,0.0,0.0,0.0
0.0,3.0,0.0,3.0,2.0,1.0,0.0,0.0
0.0,3.0,0.0,3.0,2.0,2.0,1.0,0.0
0.0,3.0,1.0,3.0,2.0,0.0,0.0,0.0
0.0,3.0,1.0,3.0,2.0,1.0,1.0,0.0
0.0,3.0,1.0,3.0,2.0,2.0,1.0,0.0
0.0,3.0,2.0,3.0,2.0,0.0,0.0,0.0
0.0,3.0,2.0,3.0,2.0,1.0,1.0,0.0
0.0,3.0,2.0,3.0,2.0,2.0,1.0,0.0
1.0,0.0,0.0,0.0,0.0,0.0,0.0,0.0
1.0,0.0,0.0,0.0,0.0,1.0,0.0,0.0
1.0,0.0,0.0,0.0,0.0,2.0,0.0,0.0
1.0,0.0,1.0,0.0,0.0,0.0,0.0,0.0
1.0,0.0,1.0,0.0,0.0,1.0,0.0,0.0
1.0,0.0,1.0,0.0,0.0,2.0,0.0,0.0
1.0,0.0,2.0,0.0,0.0,0.0,0.0,0.0
1.0,0.0,2.0,0.0,0.0,1.0,0.0,0.0
1.0,0.0,2.0,0.0,0.0,2.0,0.0,0.0
1.0,0.0,0.0,0.0,1.0,0.0,0.0,0.0
1.0,0.0,0.0,0.0,1.0,1.0,0.0,0.0
1.0,0.0,0.0,0.0,1.0,2.0,0.0,0.0
1.0,0.0,1.0,0.0,1.0,0.0,0.0,0.0
1.0,0.0,1.0,0.0,1.0,1.0,0.0,0.0
1.0,0.0,1.0,0.0,1.0,2.0,0.0,0.0
1.0,0.0,2.0,0.0,1.0,0.0,0.0,0.0
1.0,0.0,2.0,0.0,1.0,1.0,0.0,0.0
1.0,0.0,2.0,0.0,1.0,2.0,0.0,0.0
1.0,0.0,0.0,0.0,2.0,0.0,0.0,0.0
1.0,0.0,0.0,0.0,2.0,1.0,0.0,0.0
1.0,0.0,0.0,0.0,2.0,2.0,0.0,0.0
1.0,0.0,1.0,0.0,2.0,0.0,0.0,0.0
1.0,0.0,1.0,0.0,2.0,1.0,0.0,0.0
1.0,0.0,1.0,0.0,2.0,2.0,0.0,0.0
1.0,0.0,2.0,0.0,2.0,0.0,0.0,0.0
1.0,0.0,2.0,0.0,2.0,1.0,0.0,0.0
1.0,0.0,2.0,0.0,2.0,2.0,0.0,0.0
1.0,1.0,0.0,0.0,0.0,0.0,0.0,0.0
1.0,1.0,0.0,0.0,0.0,1.0,0.0,0.0
1.0,1.0,0.0,0.0,0.0,2.0,0.0,0.0
1.0,1.0,1.0,0.0,0.0,0.0,0.0,0.0
1.0,1.0,1.0,0.0,0.0,1.0,0.0,0.0
1.0,1.0,1.0,0.0,0.0,2.0,0.0,0.0
1.0,1.0,2.0,0.0,0.0,0.0,0.0,0.0
1.0,1.0,2.0,0.0,0.0,1.0,0.0,0.0
1.0,1.0,2.0,0.0,0.0,2.0,0.0,0.0
1.0,1.0,0.0,0.0,1.0,0.0,0.0,0.0
1.0,1.0,0.0,0.0,1.0,1.0,0.0,0.0
1.0,1.0,0.0,0.0,1.0,2.0,0.0,0.0
1.0,1.0,1.0,0.0,1.0,0.0,0.0,0.0
1.0,1.0,1.0,0.0,1.0,1.0,0.0,0.0
1.0,1.0,1.0,0.0,1.0,2.0,0.0,0.0
1.0,1.0,2.0,0.0,1.0,0.0,0.0,0.0
1.0,1.0,2.0,0.0,1.0,1.0,0.0,0.0
1.0,1.0,2.0,0.0,1.0,2.0,0.0,0.0
1.0,1.0,0.0,0.0,2.0,0.0,0.0,0.0
1.0,1.0,0.0,0.0,2.0,1.0,0.0,0.0
1.0,1.0,0.0,0.0,2.0,2.0,0.0,0.0
1.0,1.0,1.0,0.0,2.0,0.0,0.0,0.0
1.0,1.0,1.0,0.0,2.0,1.0,0.0,0.0
1.0,1.0,1.0,0.0,2.0,2.0,0.0,0.0
1.0,1.0,2.0,0.0,2.0,0.0,0.0,0.0
1.0,1.0,2.0,0.0,2.0,1.0,0.0,0.0
1.0,1.0,2.0,0.0,2.0,2.0,0.0,0.0
1.0,2.0,0.0,0.0,0.0,0.0,0.0,0.0
1.0,2.0,0.0,0.0,0.0,1.0,0.0,0.0
1.0,2.0,0.0,0.0,0.0,2.0,0.0,0.0
1.0,2.0,1.0,0.0,0.0,0.0,0.0,0.0
1.0,2.0,1.0,0.0,0.0,1.0,0.0,0.0
1.0,2.0,1.0,0.0,0.0,2.0,0.0,0.0
1.0,2.0,2.0,0.0,0.0,0.0,0.0,0.0
1.0,2.0,2.0,0.0,0.0,1.0,0.0,0.0
1.0,2.0,2.0,0.0,0.0,2.0,0.0,0.0
1.0,2.0,0.0,0.0,1.0,0.0,0.0,0.0
1.0,2.0,0.0,0.0,1.0,1.0,0.0,0.0
1.0,2.0,0.0,0.0,1.0,2.0,0.0,0.0
1.0,2.0,1.0,0.0,1.0,0.0,0.0,0.0
1.0,2.0,1.0,0.0,1.0,1.0,0.0,0.0
1.0,2.0,1.0,0.0,1.0,2.0,0.0,0.0
1.0,2.0,2.0,0.0,1.0,0.0,0.0,0.0
1.0,2.0,2.0,0.0,1.0,1.0,0.0,0.0
1.0,2.0,2.0,0.0,1.0,2.0,0.0,0.0
1.0,2.0,0.0,0.0,2.0,0.0,0.0,0.0
1.0,2.0,0.0,0.0,2.0,1.0,0.0,0.0
1.0,2.0,0.0,0.0,2.0,2.0,0.0,0.0
1.0,2.0,1.0,0.0,2.0,0.0,0.0,0.0
1.0,2.0,1.0,0.0,2.0,1.0,0.0,0.0
1.0,2.0,1.0,0.0,2.0,2.0,0.0,0.0
1.0,2.0,2.0,0.0,2.0,0.0,0.0,0.0
1.0,2.0,2.0,0.0,2.0,1.0,0.0,0.0
1.0,2.0,2.0,0.0,2.0,2.0,0.0,0.0
1.0,3.0,0.0,0.0,0.0,0.0,0.0,0.0
1.0,3.0,0.0,0.0,0.0,1.0,0.0,0.0
1.0,3.0,0.0,0.0,0.0,2.0,0.0,0.0
1.0,3.0,1.0,0.0,0.0,0.0,0.0,0.0
1.0,3.0,1.0,0.0,0.0,1.0,0.0,0.0
1.0,3.0,1.0,0.0,0.0,2.0,0.0,0.0
1.0,3.0,2.0,0.0,0.0,0.0,0.0,0.0
1.0,3.0,2.0,0.0,0.0,1.0,0.0,0.0
1.0,3.0,2.0,0.0,0.0,2.0,0.0,0.0
1.0,3.0,0.0,0.0,1.0,0.0,0.0,0.0
1.0,3.0,0.0,0.0,1.0,1.0,0.0,0.0
1.0,3.0,0.0,0.0,1.0,2.0,0.0,0.0
1.0,3.0,1.0,0.0,1.0,0.0,0.0,0.0
1.0,3.0,1.0,0.0,1.0,1.0,0.0,0.0
1.0,3.0,1.0,0.0,1.0,2.0,0.0,0.0
1.0,3.0,2.0,0.0,1.0,0.0,0.0,0.0
1.0,3.0,2.0,0.0,1.0,1.0,0.0,0.0
1.0,3.0,2.0,0.0,1.0,2.0,0.0,0.0
1.0,3.0,0.0,0.0,2.0,0.0,0.0,0.0
1.0,3.0,0.0,0.0,2.0,1.0,0.0,0.0
1.0,3.0,0.0,0.0,2.0,2.0,0.0,0.0
1.0,3.0,1.0,0.0,2.0,0.0,0.0,0.0
1.0,3.0,1.0,0.0,2.0,1.0,0.0,0.0
1.0,3.0,1.0,0.0,2.0,2.0,0.0,0.0
1.0,3.0,2.0,0.0,2.0,0.0,0.0,0.0
1.0,3.0,2.0,0.0,2.0,1.0,0.0,0.0
1.0,3.0,2.0,0.0,2.0,2.0,0.0,0.0
1.0,0.0,0.0,1.0,0.0,0.0,0.0,0.0
1.0,0.0,0.0,1.0,0.0,1.0,0.0,0.0
1.0,0.0,0.0,1.0,0.0,2.0,0.0,0.0
1.0,0.0,1.0,1.0,0.0,0.0,0.0,0.0
1.0,0.0,1.0,1.0,0.0,1.0,0.0,0.0
1.0,0.0,1.0,1.0,0.0,2.0,0.0,0.0
1.0,0.0,2.0,1.0,0.0,0.0,0.0,0.0
1.0,0.0,2.0,1.0,0.0,1.0,0.0,0.0
1.0,0.0,2.0,1.0,0.0,2.0,0.0,0.0
1.0,0.0,0.0,1.0,1.0,0.0,0.0,0.0
1.0,0.0,0.0,1.0,1.0,1.0,0.0,0.0
1.0,0.0,0.0,1.0,1.0,2.0,1.0,0.0
1.0,0.0,1.0,1.0,1.0,0.0,0.0,0.0
1.0,0.0,1.0,1.0,1.0,1.0,0.0,0.0
1.0,0.0,1.0,1.0,1.0,2.0,1.0,0.0
1.0,0.0,2.0,1.0,1.0,0.0,0.0,0.0
1.0,0.0,2.0,1.0,1.0,1.0,1.0,0.0
1.0,0.0,2.0,1.0,1.0,2.0,1.0,0.0
1.0,0.0,0.0,1.0,2.0,0.0,0.0,0.0
1.0,0.0,0.0,1.0,2.0,1.0,0.0,0.0
1.0,0.0,0.0,1.0,2.0,2.0,0.0,0.0
1.0,0.0,1.0,1.0,2.0,0.0,0.0,0.0
1.0,0.0,1.0,1.0,2.0,1.0,0.0,0.0
1.0,0.0,1.0,1.0,2.0,2.0,1.0,0.0
1.0,0.0,2.0,1.0,2.0,0.0,0.0,0.0
1.0,0.0,2.0,1.0,2.0,1.0,1.0,0.0
1.0,0.0,2.0,1.0,2.0,2.0,1.0,0.0
1.0,1.0,0.0,1.0,0.0,0.0,0.0,0.0
1.0,1.0,0.0,1.0,0.0,1.0,0.0,0.0
1.0,1.0,0.0,1.0,0.0,2.0,0.0,0.0
1.0,1.0,1.0,1.0,0.0,0.0,0.0,0.0
1.0,1.0,1.0,1.0,0.0,1.0,0.0,0.0
1.0,1.0,1.0,1.0,0.0,2.0,0.0,0.0
1.0,1.0,2.0,1.0,0.0,0.0,0.0,0.0
1.0,1.0,2.0,1.0,0.0,1.0,0.0,0.0
1.0,1.0,2.0,1.0,0.0,2.0,0.0,0.0
1.0,1.0,0.0,1.0,1.0,0.0,0.0,0.0
1.0,1.0,0.0,1.0,1.0,1.0,0.0,0.0
1.0,1.0,0.0,1.0,1.0,2.0,1.0,0.0
1.0,1.0,1.0,1.0,1.0,0.0,0.0,0.0
1.0,1.0,1.0,1.0,1.0,1.0,0.0,0.0
1.0,1.0,1.0,1.0,1.0,2.0,1.0,0.0
1.0,1.0,2.0,1.0,1.0,0.0,0.0,0.0
1.0,1.0,2.0,1.0,1.0,1.0,1.0,0.0
1.0,1.0,2.0,1.0,1.0,2.0,1.0,0.0
1.0,1.0,0.0,1.0,2.0,0.0,0.0,0.0
1.0,1.0,0.0,1.0,2.0,1.0,0.0,0.0
1.0,1.0,0.0,1.0,2.0,2.0,1.0,0.0
1.0,1.0,1.0,1.0,2.0,0.0,0.0,0.0
1.0,1.0,1.0,1.0,2.0,1.0,1.0,0.0
1.0,1.0,1.0,1.0,2.0,2.0,1.0,0.0
1.0,1.0,2.0,1.0,2.0,0.0,0.0,0.0
1.0,1.0,2.0,1.0,2.0,1.0,1.0,0.0
1.0,1.0,2.0,1.0,2.0,2.0,1.0,0.0
1.0,2.0,0.0,1.0,0.0,0.0,0.0,0.0
1.0,2.0,0.0,1.0,0.0,1.0,0.0,0.0
1.0,2.0,0.0,1.0,0.0,2.0,0.0,0.0
1.0,2.0,1.0,1.0,0.0,0.0,0.0,0.0
1.0,2.0,1.0,1.0,0.0,1.0,0.0,0.0
1.0,2.0,1.0,1.0,0.0,2.0,0.0,0.0
1.0,2.0,2.0,1.0,0.0,0.0,0.0,0.0
1.0,2.0,2.0,1.0,0.0,1.0,0.0,0.0
1.0,2.0,2.0,1.0,0.0,2.0,0.0,0.0
1.0,2.0,0.0,1.0,1.0,0.0,0.0,0.0
1.0,2.0,0.0,1.0,1.0,1.0,0.0,0.0
1.0,2.0,0.0,1.0,1.0,2.0,1.0,0.0
1.0,2.0,1.0,1.0,1.0,0.0,0.0,0.0
1.0,2.0,1.0,1.0,1.0,1.0,1.0,0.0
1.0,2.0,1.0,1.0,1.0,2.0,1.0,0.0
1.0,2.0,2.0,1.0,1.0,0.0,0.0,0.0
1.0,2.0,2.0,1.0,1.0,1.0,1.0,0.0
1.0,2.0,2.0,1.0,1.0,2.0,1.0,0.0
1.0,2.0,0.0,1.0,2.0,0.0,0.0,0.0
1.0,2.0,0.0,1.0,2.0,1.0,0.0,0.0
1.0,2.0,0.0,1.0,2.0,2.0,1.0,0.0
1.0,2.0,1.0,1.0,2.0,0.0,0.0,0.0
1.0,2.0,1.0,1.0,2.0,1.0,1.0,0.0
1.0,2.0,1.0,1.0,2.0,2.0,1.0,0.0
1.0,2.0,2.0,1.0,2.0,0.0,0.0,0.0
1.0,2.0,2.0,1.0,2.0,1.0,1.0,0.0
1.0,2.0,2.0,1.0,2.0,2.0,1.0,0.0
1.0,3.0,0.0,1.0,0.0,0.0,0.0,0.0
1.0,3.0,0.0,1.0,0.0,1.0,0.0,0.0
1.0,3.0,0.0,1.0,0.0,2.0,0.0,0.0
1.0,3.0,1.0,1.0,0.0,0.0,0.0,0.0
1.0,3.0,1.0,1.0,0.0,1.0,0.0,0.0
1.0,3.0,1.0,1.0,0.0,2.0,0.0,0.0
1.0,3.0,2.0,1.0,0.0,0.0,0.0,0.0
1.0,3.0,2.0,1.0,0.0,1.0,0.0,0.0
1.0,3.0,2.0,1.0,0.0,2.0,0.0,0.0
1.0,3.0,0.0,1.0,1.0,0.0,0.0,0.0
1.0,3.0,0.0,1.0,1.0,1.0,0.0,0.0
1.0,3.0,0.0,1.0,1.0,2.0,1.0,0.0
1.0,3.0,1.0,1.0,1.0,0.0,0.0,0.0
1.0,3.0,1.0,1.0,1.0,1.0,1.0,0.0
1.0,3.0,1.0,1.0,1.0,2.0,1.0,0.0
1.0,3.0,2.0,1.0,1.0,0.0,0.0,0.0
1.0,3.0,2.0,1.0,1.0,1.0,1.0,0.0
1.0,3.0,2.0,1.0,1.0,2.0,1.0,0.0
1.0,3.0,0.0,1.0,2.0,0.0,0.0,0.0
1.0,3.0,0.0,1.0,2.0,1.0,0.0,0.0
1.0,3.0,0.0,1.0,2.0,2.0,1.0,0.0
1.0,3.0,1.0,1.0,2.0,0.0,0.0,0.0
1.0,3.0,1.0,1.0,2.0,1.0,1.0,0.0
1.0,3.0,1.0,1.0,2.0,2.0,1.0,0.0
1.0,3.0,2.0,1.0,2.0,0.0,0.0,0.0
1.0,3.0,2.0,1.0,2.0,1.0,1.0,0.0
1.0,3.0,2.0,1.0,2.0,2.0,1.0,0.0
1.0,0.0,0.0,2.0,0.0,0.0,0.0,0.0
1.0,0.0,0.0,2.0,0.0,1.0,0.0,0.0
1.0,0.0,0.0,2.0,0.0,2.0,0.0,0.0
1.0,0.0,1.0,2.0,0.0,0.0,0.0,0.0
1.0,0.0,1.0,2.0,0.0,1.0,0.0,0.0
1.0,0.0,1.0,2.0,0.0,2.0,0.0,0.0
1.0,0.0,2.0,2.0,0.0,0.0,0.0,0.0
1.0,0.0,2.0,2.0,0.0,1.0,0.0,0.0
1.0,0.0,2.0,2.0,0.0,2.0,0.0,0.0
1.0,0.0,0.0,2.0,1.0,0.0,0.0,0.0
1.0,0.0,0.0,2.0,1.0,1.0,0.0,0.0
1.0,0.0,0.0,2.0,1.0,2.0,1.0,0.0
1.0,0.0,1.0,2.0,1.0,0.0,0.0,0.0
1.0,0.0,1.0,2.0,1.0,1.0,0.0,0.0
1.0,0.0,1.0,2.0,1.0,2.0,1.0,0.0
1.0,0.0,2.0,2.0,1.0,0.0,0.0,0.0
1.0,0.0,2.0,2.0,1.0,1.0,1.0,0.0
1.0,0.0,2.0,2.0,1.0,2.0,1.0,0.0
1.0,0.0,0.0,2.0,2.0,0.0,0.0,0.0
1.0,0.0,0.0,2.0,2.0,1.0,0.0,0.0
1.0,0.0,0.0,2.0,2.0,2.0,0.0,0.0
1.0,0.0,1.0,2.0,2.0,0.0,0.0,0.0
1.0,0.0,1.0,2.0,2.0,1.0,0.0,0.0
1.0,0.0,1.0,2.0,2.0,2.0,1.0,0.0
1.0,0.0,2.0,2.0,2.0,0.0,0.0,0.0
1.0,0.0,2.0,2.0,2.0,1.0,1.0,0.0
1.0,0.0,2.0,2.0,2.0,2.0,1.0,0.0
1.0,1.0,0.0,2.0,0.0,0.0,0.0,0.0
1.0,1.0,0.0,2.0,0.0,1.0,0.0,0.0
1.0,1.0,0.0,2.0,0.0,2.0,0.0,0.0
1.0,1.0,1.0,2.0,0.0,0.0,0.0,0.0
1.0,1.0,1.0,2.0,0.0,1.0,0.0,0.0
1.0,1.0,1.0,2.0,0.0,2.0,0.0,0.0
1.0,1.0,2.0,2.0,0.0,0.0,0.0,0.0
1.0,1.0,2.0,2.0,0.0,1.0,0.0,0.0
1.0,1.0,2.0,2.0,0.0,2.0,0.0,0.0
1.0,1.0,0.0,2.0,1.0,0.0,0.0,0.0
1.0,1.0,0.0,2.0,1.0,1.0,0.0,0.0
1.0,1.0,0.0,2.0,1.0,2.0,1.0,0.0
1.0,1.0,1.0,2.0,1.0,0.0,0.0,0.0
1.0,1.0,1.0,2.0,1.0,1.0,0.0,0.0
1.0,1.0,1.0,2.0,1.0,2.0,1.0,0.0
1.0,1.0,2.0,2.0,1.0,0.0,0.0,0.0
1.0,1.0,2.0,2.0,1.0,1.0,1.0,0.0
1.0,1.0,2.0,2.0,1.0,2.0,1.0,0.0
1.0,1.0,0.0,2.0,2.0,0.0,0.0,0.0
1.0,1.0,0.0,2.0,2.0,1.0,0.0,0.0
1.0,1.0,0.0,2.0,2.0,2.0,1.0,0.0
1.0,1.0,1.0,2.0,2.0,0.0,0.0,0.0
1.0,1.0,1.0,2.0,2.0,1.0,1.0,0.0
1.0,1.0,1.0,2.0,2.0,2.0,1.0,0.0
1.0,1.0,2.0,2.0,2.0,0.0,0.0,0.0
1.0,1.0,2.0,2.0,2.0,1.0,1.0,0.0
1.0,1.0,2.0,2.0,2.0,2.0,1.0,0.0
1.0,2.0,0.0,2.0,0.0,0.0,0.0,0.0
1.0,2.0,0.0,2.0,0.0,1.0,0.0,0.0
1.0,2.0,0.0,2.0,0.0,2.0,0.0,0.0
1.0,2.0,1.0,2.0,0.0,0.0,0.0,0.0
1.0,2.0,1.0,2.0,0.0,1.0,0.0,0.0
1.0,2.0,1.0,2.0,0.0,2.0,0.0,0.0
1.0,2.0,2.0,2.0,0.0,0.0,0.0,0.0
1.0,2.0,2.0,2.0,0.0,1.0,0.0,0.0
1.0,2.0,2.0,2.0,0.0,2.0,0.0,0.0
1.0,2.0,0.0,2.0,1.0,0.0,0.0,0.0
1.0,2.0,0.0,2.0,1.0,1.0,0.0,0.0
1.0,2.0,0.0,2.0,1.0,2.0,1.0,0.0
1.0,2.0,1.0,2.0,1.0,0.0,0.0,0.0
1.0,2.0,1.0,2.0,1.0,1.0,1.0,0.0
1.0,2.0,1.0,2.0,1.0,2.0,1.0,0.0
1.0,2.0,2.0,2.0,1.0,0.0,0.0,0.0
1.0,2.0,2.0,2.0,1.0,1.0,1.0,0.0
1.0,2.0,2.0,2.0,1.0,2.0,1.0,0.0
1.0,2.0,0.0,2.0,2.0,0.0,0.0,0.0
1.0,2.0,0.0,2.0,2.0,1.0,0.0,0.0
1.0,2.0,0.0,2.0,2.0,2.0,1.0,0.0
1.0,2.0,1.0,2.0,2.0,0.0,0.0,0.0
1.0,2.0,1.0,2.0,2.0,1.0,1.0,0.0
1.0,2.0,1.0,2.0,2.0,2.0,1.0,0.0
1.0,2.0,2.0,2.0,2.0,0.0,0.0,0.0
1.0,2.0,2.0,2.0,2.0,1.0,1.0,0.0
1.0,2.0,2.0,2.0,2.0,2.0,1.0,0.0
1.0,3.0,0.0,2.0,0.0,0.0,0.0,0.0
1.0,3.0,0.0,2.0,0.0,1.0,0.0,0.0
1.0,3.0,0.0,2.0,0.0,2.0,0.0,0.0
1.0,3.0,1.0,2.0,0.0,0.0,0.0,0.0
1.0,3.0,1.0,2.0,0.0,1.0,0.0,0.0
1.0,3.0,1.0,2.0,0.0,2.0,0.0,0.0
1.0,3.0,2.0,2.0,0.0,0.0,0.0,0.0
1.0,3.0,2.0,2.0,0.0,1.0,0.0,0.0
1.0,3.0,2.0,2.0,0.0,2.0,0.0,0.0
1.0,3.0,0.0,2.0,1.0,0.0,0.0,0.0
1.0,3.0,0.0,2.0,1.0,1.0,0.0,0.0
1.0,3.0,0.0,2.0,1.0,2.0,1.0,0.0
1.0,3.0,1.0,2.0,1.0,0.0,0.0,0.0
1.0,3.0,1.0,2.0,1.0,1.0,1.0,0.0
1.0,3.0,1.0,2.0,1.0,2.0,1.0,0.0
1.0,3.0,2.0,2.0,1.0,0.0,0.0,0.0
1.0,3.0,2.0,2.0,1.0,1.0,1.0,0.0
1.0,3.0,2.0,2.0,1.0,2.0,1.0,0.0
1.0,3.0,0.0,2.0,2.0,0.0,0.0,0.0
1.0,3.0,0.0,2.0,2.0,1.0,0.0,0.0
1.0,3.0,0.0,2.0,2.0,2.0,1.0,0.0
1.0,3.0,1.0,2.0,2.0,0.0,0.0,0.0
1.0,3.0,1.0,2.0,2.0,1.0,1.0,0.0
1.0,3.0,1.0,2.0,2.0,2.0,1.0,0.0
1.0,3.0,2.0,2.0,2.0,0.0,0.0,0.0
1.0,3.0,2.0,2.0,2.0,1.0,1.0,0.0
1.0,3.0,2.0,2.0,2.0,2.0,1.0,0.0
1.0,0.0,0.0,3.0,0.0,0.0,0.0,0.0
1.0,0.0,0.0,3.0,0.0,1.0,0.0,0.0
1.0,0.0,0.0,3.0,0.0,2.0,0.0,0.0
1.0,0.0,1.0,3.0,0.0,0.0,0.0,0.0
1.0,0.0,1.0,3.0,0.0,1.0,0.0,0.0
1.0,0.0,1.0,3.0,0.0,2.0,0.0,0.0
1.0,0.0,2.0,3.0,0.0,0.0,0.0,0.0
1.0,0.0,2.0,3.0,0.0,1.0,0.0,0.0
1.0,0.0,2.0,3.0,0.0,2.0,0.0,0.0
1.0,0.0,0.0,3.0,1.0,0.0,0.0,0.0
1.0,0.0,0.0,3.0,1.0,1.0,0.0,0.0
1.0,0.0,0.0,3.0,1.0,2.0,1.0,0.0
1.0,0.0,1.0,3.0,1.0,0.0,0.0,0.0
1.0,0.0,1.0,3.0,1.0,1.0,0.0,0.0
1.0,0.0,1.0,3.0,1.0,2.0,1.0,0.0
1.0,0.0,2.0,3.0,1.0,0.0,0.0,0.0
1.0,0.0,2.0,3.0,1.0,1.0,1.0,0.0
1.0,0.0,2.0,3.0,1.0,2.0,1.0,0.0
1.0,0.0,0.0,3.0,2.0,0.0,0.0,0.0
1.0,0.0,0.0,3.0,2.0,1.0,0.0,0.0
1.0,0.0,0.0,3.0,2.0,2.0,0.0,0.0
1.0,0.0,1.0,3.0,2.0,0.0,0.0,0.0
1.0,0.0,1.0,3.0,2.0,1.0,0.0,0.0
1.0,0.0,1.0,3.0,2.0,2.0,1.0,0.0
1.0,0.0,2.0,3.0,2.0,0.0,0.0,0.0
1.0,0.0,2.0,3.0,2.0,1.0,1.0,0.0
1.0,0.0,2.0,3.0,2.0,2.0,1.0,0.0
1.0,1.0,0.0,3.0,0.0,0.0,0.0,0.0
1.0,1.0,0.0,3.0,0.0,1.0,0.0,0.0
1.0,1.0,0.0,3.0,0.0,2.0,0.0,0.0
1.0,1.0,1.0,3.0,0.0,0.0,0.0,0.0
1.0,1.0,1.0,3.0,0.0,1.0,0.0,0.0
1.0,1.0,1.0,3.0,0.0,2.0,0.0,0.0
1.0,1.0,2.0,3.0,0.0,0.0,0.0,0.0
1.0,1.0,2.0,3.0,0.0,1.0,0.0,0.0
1.0,1.0,2.0,3.0,0.0,2.0,0.0,0.0
1.0,1.0,0.0,3.0,1.0,0.0,0.0,0.0
1.0,1.0,0.0,3.0,1.0,1.0,0.0,0.0
1.0,1.0,0.0,3.0,1.0,2.0,1.0,0.0
1.0,1.0,1.0,3.0,1.0,0.0,0.0,0.0
1.0,1.0,1.0,3.0,1.0,1.0,0.0,0.0
1.0,1.0,1.0,3.0,1.0,2.0,1.0,0.0
1.0,1.0,2.0,3.0,1.0,0.0,0.0,0.0
1.0,1.0,2.0,3.0,1.0,1.0,1.0,0.0
1.0,1.0,2.0,3.0,1.0,2.0,1.0,0.0
1.0,1.0,0.0,3.0,2.0,0.0,0.0,0.0
1.0,1.0,0.0,3.0,2.0,1.0,0.0,0.0
1.0,1.0,0.0,3.0,2.0,2.0,1.0,0.0
1.0,1.0,1.0,3.0,2.0,0.0,0.0,0.0
1.0,1.0,1.0,3.0,2.0,1.0,1.0,0.0
1.0,1.0,1.0,3.0,2.0,2.0,1.0,0.0
1.0,1.0,2.0,3.0,2.0,0.0,0.0,0.0
1.0,1.0,2.0,3.0,2.0,1.0,1.0,0.0
1.0,1.0,2.0,3.0,2.0,2.0,1.0,0.0
1.0,2.0,0.0,3.0,0.0,0.0,0.0,0.0
1.0,2.0,0.0,3.0,0.0,1.0,0.0,0.0
1.0,2.0,0.0,3.0,0.0,2.0,0.0,0.0
1.0,2.0,1.0,3.0,0.0,0.0,0.0,0.0
1.0,2.0,1.0,3.0,0.0,1.0,0.0,0.0
1.0,2.0,1.0,3.0,0.0,2.0,0.0,0.0
1.0,2.0,2.0,3.0,0.0,0.0,0.0,0.0
1.0,2.0,2.0,3.0,0.0,1.0,0.0,0.0
1.0,2.0,2.0,3.0,0.0,2.0,0.0,0.0
1.0,2.0,0.0,3.0,1.0,0.0,0.0,0.0
1.0,2.0,0.0,3.0,1.0,1.0,0.0,0.0
1.0,2.0,0.0,3.0,1.0,2.0,1.0,0.0
1.0,2.0,1.0,3.0,1.0,0.0,0.0,0.0
1.0,2.0,1.0,3.0,1.0,1.0,1.0,0.0
1.0,2.0,1.0,3.0,1.0,2.0,1.0,0.0
1.0,2.0,2.0,3.0,1.0,0.0,0.0,0.0
1.0,2.0,2.0,3.0,1.0,1.0,1.0,0.0
1.0,2.0,2.0,3.0,1.0,2.0,1.0,0.0
1.0,2.0,0.0,3.0,2.0,0.0,0.0,0.0
1.0,2.0,0.0,3.0,2.0,1.0,0.0,0.0
1.0,2.0,0.0,3.0,2.0,2.0,1.0,0.0
1.0,2.0,1.0,3.0,2.0,0.0,0.0,0.0
1.0,2.0,1.0,3.0,2.0,1.0,1.0,0.0
1.0,2.0,1.0,3.0,2.0,2.0,1.0,0.0
1.0,2.0,2.0,3.0,2.0,0.0,0.0,0.0
1.0,2.0,2.0,3.0,2.0,1.0,1.0,0.0
1.0,2.0,2.0,3.0,2.0,2.0,1.0,0.0
1.0,3.0,0.0,3.0,0.0,0.0,0.0,0.0
1.0,3.0,0.0,3.0,0.0,1.0,0.0,0.0
1.0,3.0,0.0,3.0,0.0,2.0,0.0,0.0
1.0,3.0,1.0,3.0,0.0,0.0,0.0,0.0
1.0,3.0,1.0,3.0,0.0,1.0,0.0,0.0
1.0,3.0,1.0,3.0,0.0,2.0,0.0,0.0
1.0,3.0,2.0,3.0,0.0,0.0,0.0,0.0
1.0,3.0,2.0,3.0,0.0,1.0,0.0,0.0
1.0,3.0,2.0,3.0,0.0,2.0,0.0,0.0
1.0,3.0,0.0,3.0,1.0,0.0,0.0,0.0
1.0,3.0,0.0,3.0,1.0,1.0,0.0,0.0
1.0,3.0,0.0,3.0,1.0,2.0,1.0,0.0
1.0,3.0,1.0,3.0,1.0,0.0,0.0,0.0
1.0,3.0,1.0,3.0,1.0,1.0,1.0,0.0
1.0,3.0,1.0,3.0,1.0,2.0,1.0,0.0
1.0,3.0,2.0,3.0,1.0,0.0,0.0,0.0
1.0,3.0,2.0,3.0,1.0,1.0,1.0,0.0
1.0,3.0,2.0,3.0,1.0,2.0,1.0,0.0
1.0,3.0,0.0,3.0,2.0,0.0,0.0,0.0
1.0,3.0,0.0,3.0,2.0,1.0,0.0,0.0
1.0,3.0,0.0,3.0,2.0,2.0,1.0,0.0
1.0,3.0,1.0,3.0,2.0,0.0,0.0,0.0
1.0,3.0,1.0,3.0,2.0,1.0,1.0,0.0
1.0,3.0,1.0,3.0,2.0,2.0,1.0,0.0
1.0,3.0,2.0,3.0,2.0,0.0,0.0,0.0
1.0,3.0,2.0,3.0,2.0,1.0,1.0,0.0
1.0,3.0,2.0,3.0,2.0,2.0,1.0,0.0
2.0,0.0,0.0,0.0,0.0,0.0,0.0,0.0
2.0,0.0,0.0,0.0,0.0,1.0,0.0,0.0
2.0,0.0,0.0,0.0,0.0,2.0,0.0,0.0
2.0,0.0,1.0,0.0,0.0,0.0,0.0,0.0
2.0,0.0,1.0,0.0,0.0,1.0,0.0,0.0
2.0,0.0,1.0,0.0,0.0,2.0,0.0,0.0
0.0,0.0,1.0,1.0,1.0,2.0,0.0,0.0
0.0,3.0,1.0,1.0,1.0,0.0,0.0,0.0
0.0,3.0,1.0,1.0,1.0,1.0,0.0,0.0
0.0,3.0,1.0,1.0,1.0,2.0,0.0,0.0
0.0,3.0,2.0,1.0,1.0,1.0,0.0,0.0
0.0,3.0,0.0,1.0,2.0,0.0,0.0,0.0
0.0,3.0,0.0,1.0,2.0,2.0,0.0,0.0
0.0,3.0,1.0,1.0,2.0,1.0,0.0,0.0
0.0,3.0,2.0,1.0,2.0,0.0,0.0,0.0
0.0,0.0,0.0,2.0,0.0,0.0,0.0,0.0
2.0,0.0,0.0,0.0,1.0,2.0,1.0,0.0
2.0,0.0,1.0,0.0,1.0,0.0,0.0,0.0
2.0,0.0,1.0,0.0,1.0,1.0,0.0,0.0
2.0,0.0,1.0,0.0,1.0,2.0,1.0,0.0
2.0,0.0,2.0,0.0,1.0,0.0,0.0,0.0
2.0,0.0,2.0,0.0,1.0,1.0,1.0,0.0
2.0,0.0,2.0,0.0,1.0,2.0,1.0,0.0
2.0,0.0,0.0,0.0,2.0,0.0,0.0,0.0
2.0,0.0,0.0,0.0,2.0,1.0,0.0,0.0
2.0,0.0,0.0,0.0,2.0,2.0,0.0,0.0
2.0,0.0,1.0,0.0,2.0,0.0,0.0,0.0
2.0,0.0,1.0,0.0,2.0,1.0,0.0,0.0
2.0,0.0,1.0,0.0,2.0,2.0,1.0,0.0
2.0,0.0,2.0,0.0,2.0,0.0,0.0,0.0
2.0,0.0,2.0,0.0,2.0,1.0,1.0,0.0
2.0,0.0,2.0,0.0,2.0,2.0,1.0,0.0
2.0,1.0,0.0,0.0,0.0,0.0,0.0,0.0
2.0,1.0,0.0,0.0,0.0,1.0,0.0,0.0
2.0,1.0,0.0,0.0,0.0,2.0,0.0,0.0
2.0,1.0,1.0,0.0,0.0,0.0,0.0,0.0
2.0,1.0,1.0,0.0,0.0,1.0,0.0,0.0
2.0,1.0,1.0,0.0,0.0,2.0,0.0,0.0
2.0,1.0,2.0,0.0,0.0,0.0,0.0,0.0
2.0,1.0,2.0,0.0,0.0,1.0,0.0,0.0
2.0,1.0,2.0,0.0,0.0,2.0,0.0,0.0
2.0,1.0,0.0,0.0,1.0,0.0,0.0,0.0
2.0,1.0,0.0,0.0,1.0,1.0,0.0,0.0
2.0,1.0,0.0,0.0,1.0,2.0,1.0,0.0
2.0,1.0,1.0,0.0,1.0,0.0,0.0,0.0
2.0,1.0,1.0,0.0,1.0,1.0,0.0,0.0
2.0,1.0,1.0,0.0,1.0,2.0,1.0,0.0
2.0,1.0,2.0,0.0,1.0,0.0,0.0,0.0
2.0,1.0,2.0,0.0,1.0,1.0,1.0,0.0
2.0,1.0,2.0,0.0,1.0,2.0,1.0,0.0
2.0,1.0,0.0,0.0,2.0,0.0,0.0,0.0
2.0,1.0,0.0,0.0,2.0,1.0,0.0,0.0
2.0,1.0,0.0,0.0,2.0,2.0,1.0,0.0
2.0,1.0,1.0,0.0,2.0,0.0,0.0,0.0
2.0,1.0,1.0,0.0,2.0,1.0,1.0,0.0
2.0,1.0,1.0,0.0,2.0,2.0,1.0,0.0
2.0,1.0,2.0,0.0,2.0,0.0,0.0,0.0
2.0,1.0,2.0,0.0,2.0,1.0,1.0,0.0
2.0,1.0,2.0,0.0,2.0,2.0,1.0,0.0
2.0,2.0,0.0,0.0,0.0,0.0,0.0,0.0
2.0,2.0,0.0,0.0,0.0,1.0,0.0,0.0
2.0,2.0,0.0,0.0,0.0,2.0,0.0,0.0
2.0,2.0,1.0,0.0,0.0,0.0,0.0,0.0
2.0,2.0,1.0,0.0,0.0,1.0,0.0,0.0
2.0,2.0,1.0,0.0,0.0,2.0,0.0,0.0
2.0,2.0,2.0,0.0,0.0,0.0,0.0,0.0
2.0,2.0,2.0,0.0,0.0,1.0,0.0,0.0
2.0,2.0,2.0,0.0,0.0,2.0,0.0,0.0
2.0,2.0,0.0,0.0,1.0,0.0,0.0,0.0
2.0,2.0,0.0,0.0,1.0,1.0,0.0,0.0
2.0,2.0,0.0,0.0,1.0,2.0,1.0,0.0
2.0,2.0,1.0,0.0,1.0,0.0,0.0,0.0
2.0,2.0,1.0,0.0,1.0,1.0,1.0,0.0
2.0,2.0,1.0,0.0,1.0,2.0,1.0,0.0
2.0,2.0,2.0,0.0,1.0,0.0,0.0,0.0
2.0,2.0,2.0,0.0,1.0,1.0,1.0,0.0
2.0,2.0,2.0,0.0,1.0,2.0,1.0,0.0
2.0,2.0,0.0,0.0,2.0,0.0,0.0,0.0
2.0,2.0,0.0,0.0,2.0,1.0,0.0,0.0
2.0,2.0,0.0,0.0,2.0,2.0,1.0,0.0
2.0,2.0,1.0,0.0,2.0,0.0,0.0,0.0
2.0,2.0,1.0,0.0,2.0,1.0,1.0,0.0
2.0,2.0,1.0,0.0,2.0,2.0,1.0,0.0
2.0,2.0,2.0,0.0,2.0,0.0,0.0,0.0
2.0,2.0,2.0,0.0,2.0,1.0,1.0,0.0
2.0,2.0,2.0,0.0,2.0,2.0,1.0,0.0
2.0,3.0,0.0,0.0,0.0,0.0,0.0,0.0
2.0,3.0,0.0,0.0,0.0,1.0,0.0,0.0
2.0,3.0,0.0,0.0,0.0,2.0,0.0,0.0
2.0,3.0,1.0,0.0,0.0,0.0,0.0,0.0
2.0,3.0,1.0,0.0,0.0,1.0,0.0,0.0
2.0,3.0,1.0,0.0,0.0,2.0,0.0,0.0
2.0,3.0,2.0,0.0,0.0,0.0,0.0,0.0
2.0,3.0,2.0,0.0,0.0,1.0,0.0,0.0
2.0,3.0,2.0,0.0,0.0,2.0,0.0,0.0
2.0,3.0,0.0,0.0,1.0,0.0,0.0,0.0
2.0,0.0,2.0,0.0,0.0,0.0,0.0,0.0
2.0,0.0,2.0,0.0,0.0,1.0,0.0,0.0
2.0,0.0,2.0,0.0,0.0,2.0,0.0,0.0
2.0,0.0,0.0,0.0,1.0,0.0,0.0,0.0
2.0,0.0,0.0,0.0,1.0,1.0,0.0,0.0
2.0,3.0,0.0,0.0,1.0,1.0,0.0,0.0
2.0,3.0,0.0,0.0,1.0,2.0,1.0,0.0
2.0,3.0,1.0,0.0,1.0,0.0,0.0,0.0
2.0,3.0,1.0,0.0,1.0,2.0,1.0,0.0
2.0,3.0,2.0,0.0,1.0,0.0,0.0,0.0
2.0,3.0,2.0,0.0,1.0,1.0,1.0,0.0
2.0,3.0,2.0,0.0,1.0,2.0,1.0,0.0
2.0,3.0,0.0,0.0,2.0,0.0,0.0,0.0
2.0,3.0,0.0,0.0,2.0,1.0,0.0,0.0
2.0,3.0,0.0,0.0,2.0,2.0,1.0,0.0
2.0,3.0,1.0,0.0,2.0,0.0,0.0,0.0
2.0,3.0,1.0,0.0,2.0,1.0,1.0,0.0
2.0,3.0,1.0,0.0,2.0,2.0,1.0,0.0
2.0,3.0,2.0,0.0,2.0,0.0,0.0,0.0
2.0,3.0,2.0,0.0,2.0,1.0,1.0,0.0
2.0,3.0,2.0,0.0,2.0,2.0,1.0,0.0
2.0,0.0,0.0,1.0,0.0,0.0,0.0,0.0
2.0,0.0,0.0,1.0,0.0,1.0,0.0,0.0
2.0,0.0,0.0,1.0,0.0,2.0,0.0,0.0
2.0,0.0,1.0,1.0,0.0,0.0,0.0,0.0
2.0,0.0,1.0,1.0,0.0,1.0,0.0,0.0
2.0,0.0,1.0,1.0,0.0,2.0,0.0,0.0
2.0,0.0,2.0,1.0,0.0,0.0,0.0,0.0
2.0,0.0,2.0,1.0,0.0,1.0,0.0,0.0
2.0,0.0,2.0,1.0,0.0,2.0,0.0,0.0
2.0,0.0,0.0,1.0,1.0,0.0,0.0,0.0
2.0,0.0,0.0,1.0,1.0,1.0,0.0,0.0
2.0,0.0,0.0,1.0,1.0,2.0,1.0,0.0
2.0,0.0,1.0,1.0,1.0,0.0,0.0,0.0
2.0,0.0,1.0,1.0,1.0,1.0,0.0,0.0
2.0,0.0,1.0,1.0,1.0,2.0,1.0,0.0
2.0,0.0,2.0,1.0,1.0,0.0,0.0,0.0
2.0,0.0,2.0,1.0,1.0,1.0,1.0,0.0
2.0,0.0,2.0,1.0,1.0,2.0,1.0,0.0
2.0,0.0,0.0,1.0,2.0,0.0,0.0,0.0
2.0,0.0,0.0,1.0,2.0,1.0,0.0,0.0
2.0,0.0,0.0,1.0,2.0,2.0,0.0,0.0
2.0,0.0,1.0,1.0,2.0,0.0,0.0,0.0
2.0,0.0,1.0,1.0,2.0,1.0,0.0,0.0
2.0,0.0,1.0,1.0,2.0,2.0,1.0,0.0
2.0,0.0,2.0,1.0,2.0,0.0,0.0,0.0
2.0,0.0,2.0,1.0,2.0,1.0,1.0,0.0
2.0,0.0,2.0,1.0,2.0,2.0,1.0,0.0
2.0,1.0,0.0,1.0,0.0,0.0,0.0,0.0
2.0,1.0,0.0,1.0,0.0,1.0,0.0,0.0
2.0,1.0,0.0,1.0,0.0,2.0,0.0,0.0
2.0,1.0,1.0,1.0,0.0,0.0,0.0,0.0
2.0,1.0,1.0,1.0,0.0,1.0,0.0,0.0
2.0,1.0,1.0,1.0,0.0,2.0,0.0,0.0
2.0,1.0,2.0,1.0,0.0,0.0,0.0,0.0
2.0,1.0,2.0,1.0,0.0,1.0,0.0,0.0
2.0,1.0,2.0,1.0,0.0,2.0,0.0,0.0
2.0,1.0,0.0,1.0,1.0,0.0,0.0,0.0
2.0,1.0,0.0,1.0,1.0,1.0,0.0,0.0
2.0,1.0,0.0,1.0,1.0,2.0,1.0,0.0
2.0,1.0,1.0,1.0,1.0,0.0,0.0,0.0
2.0,1.0,1.0,1.0,1.0,1.0,0.0,0.0
2.0,1.0,1.0,1.0,1.0,2.0,1.0,0.0
2.0,1.0,2.0,1.0,1.0,0.0,0.0,0.0
2.0,1.0,2.0,1.0,1.0,1.0,1.0,0.0
2.0,1.0,2.0,1.0,1.0,2.0,1.0,0.0
2.0,1.0,0.0,1.0,2.0,0.0,0.0,0.0
2.0,1.0,0.0,1.0,2.0,1.0,0.0,0.0
2.0,1.0,0.0,1.0,2.0,2.0,1.0,0.0
2.0,1.0,1.0,1.0,2.0,0.0,0.0,0.0
2.0,1.0,1.0,1.0,2.0,1.0,1.0,0.0
2.0,1.0,1.0,1.0,2.0,2.0,1.0,0.0
2.0,1.0,2.0,1.0,2.0,0.0,0.0,0.0
2.0,1.0,2.0,1.0,2.0,1.0,1.0,0.0
2.0,1.0,2.0,1.0,2.0,2.0,1.0,0.0
2.0,2.0,0.0,1.0,0.0,0.0,0.0,0.0
2.0,2.0,0.0,1.0,0.0,1.0,0.0,0.0
2.0,2.0,0.0,1.0,0.0,2.0,0.0,0.0
2.0,2.0,1.0,1.0,0.0,0.0,0.0,0.0
2.0,2.0,1.0,1.0,0.0,1.0,0.0,0.0
2.0,3.0,1.0,0.0,1.0,1.0,1.0,0.0
2.0,2.0,0.0,1.0,1.0,2.0,1.0,0.0
2.0,2.0,1.0,1.0,1.0,0.0,0.0,0.0
2.0,2.0,1.0,1.0,1.0,1.0,1.0,0.0
2.0,2.0,1.0,1.0,1.0,2.0,1.0,0.0
2.0,2.0,2.0,1.0,1.0,0.0,0.0,0.0
2.0,2.0,2.0,1.0,1.0,1.0,1.0,0.0
2.0,2.0,2.0,1.0,1.0,2.0,1.0,0.0
2.0,2.0,0.0,1.0,2.0,0.0,0.0,0.0
2.0,2.0,0.0,1.0,2.0,1.0,0.0,0.0
2.0,2.0,0.0,1.0,2.0,2.0,1.0,0.0
2.0,2.0,1.0,1.0,2.0,0.0,0.0,0.0
2.0,2.0,1.0,1.0,2.0,1.0,1.0,0.0
2.0,2.0,1.0,1.0,2.0,2.0,1.0,0.0
2.0,2.0,2.0,1.0,2.0,0.0,0.0,0.0
2.0,2.0,2.0,1.0,2.0,1.0,1.0,0.0
2.0,2.0,2.0,1.0,2.0,2.0,1.0,0.0
2.0,3.0,0.0,1.0,0.0,0.0,0.0,0.0
2.0,3.0,0.0,1.0,0.0,1.0,0.0,0.0
2.0,3.0,0.0,1.0,0.0,2.0,0.0,0.0
2.0,3.0,1.0,1.0,0.0,0.0,0.0,0.0
2.0,3.0,1.0,1.0,0.0,1.0,0.0,0.0
2.0,3.0,1.0,1.0,0.0,2.0,0.0,0.0
2.0,3.0,2.0,1.0,0.0,0.0,0.0,0.0
2.0,3.0,2.0,1.0,0.0,1.0,0.0,0.0
2.0,3.0,2.0,1.0,0.0,2.0,0.0,0.0
2.0,3.0,0.0,1.0,1.0,0.0,0.0,0.0
2.0,3.0,0.0,1.0,1.0,1.0,0.0,0.0
2.0,3.0,0.0,1.0,1.0,2.0,1.0,0.0
2.0,3.0,1.0,1.0,1.0,0.0,0.0,0.0
2.0,3.0,1.0,1.0,1.0,1.0,1.0,0.0
2.0,3.0,1.0,1.0,1.0,2.0,1.0,0.0
2.0,3.0,2.0,1.0,1.0,0.0,0.0,0.0
2.0,3.0,2.0,1.0,1.0,1.0,1.0,0.0
2.0,3.0,2.0,1.0,1.0,2.0,1.0,0.0
2.0,3.0,0.0,1.0,2.0,0.0,0.0,0.0
2.0,3.0,0.0,1.0,2.0,1.0,0.0,0.0
2.0,3.0,0.0,1.0,2.0,2.0,1.0,0.0
2.0,3.0,1.0,1.0,2.0,0.0,0.0,0.0
2.0,3.0,1.0,1.0,2.0,1.0,1.0,0.0
2.0,3.0,1.0,1.0,2.0,2.0,1.0,0.0
2.0,3.0,2.0,1.0,2.0,0.0,0.0,0.0
2.0,3.0,2.0,1.0,2.0,1.0,1.0,0.0
2.0,3.0,2.0,1.0,2.0,2.0,1.0,0.0
2.0,0.0,0.0,2.0,0.0,0.0,0.0,0.0
2.0,0.0,0.0,2.0,0.0,1.0,0.0,0.0
2.0,0.0,0.0,2.0,0.0,2.0,0.0,0.0
2.0,0.0,1.0,2.0,0.0,0.0,0.0,0.0
2.0,0.0,1.0,2.0,0.0,1.0,0.0,0.0
2.0,0.0,1.0,2.0,0.0,2.0,0.0,0.0
2.0,0.0,2.0,2.0,0.0,0.0,0.0,0.0
2.0,0.0,2.0,2.0,0.0,1.0,0.0,0.0
2.0,0.0,2.0,2.0,0.0,2.0,0.0,0.0
2.0,0.0,0.0,2.0,1.0,0.0,0.0,0.0
2.0,0.0,0.0,2.0,1.0,1.0,1.0,0.0
2.0,0.0,0.0,2.0,1.0,2.0,1.0,0.0
2.0,0.0,1.0,2.0,1.0,0.0,0.0,0.0
2.0,0.0,1.0,2.0,1.0,1.0,1.0,0.0
2.0,0.0,1.0,2.0,1.0,2.0,1.0,0.0
2.0,0.0,2.0,2.0,1.0,0.0,0.0,0.0
2.0,0.0,2.0,2.0,1.0,1.0,1.0,0.0
2.0,0.0,2.0,2.0,1.0,2.0,2.0,0.0
2.0,0.0,0.0,2.0,2.0,0.0,0.0,0.0
2.0,0.0,0.0,2.0,2.0,1.0,0.0,0.0
2.0,0.0,0.0,2.0,2.0,2.0,0.0,0.0
2.0,0.0,1.0,2.0,2.0,0.0,0.0,0.0
2.0,0.0,1.0,2.0,2.0,1.0,1.0,0.0
2.0,0.0,1.0,2.0,2.0,2.0,1.0,0.0
2.0,0.0,2.0,2.0,2.0,0.0,0.0,0.0
2.0,0.0,2.0,2.0,2.0,1.0,1.0,0.0
2.0,0.0,2.0,2.0,2.0,2.0,2.0,0.0
2.0,1.0,0.0,2.0,0.0,0.0,0.0,0.0
2.0,1.0,0.0,2.0,0.0,1.0,0.0,0.0
2.0,1.0,0.0,2.0,0.0,2.0,0.0,0.0
2.0,1.0,1.0,2.0,0.0,0.0,0.0,0.0
2.0,1.0,1.0,2.0,0.0,1.0,0.0,0.0
2.0,1.0,1.0,2.0,0.0,2.0,0.0,0.0
2.0,1.0,2.0,2.0,0.0,0.0,0.0,0.0
2.0,1.0,2.0,2.0,0.0,1.0,0.0,0.0
2.0,1.0,2.0,2.0,0.0,2.0,0.0,0.0
2.0,2.0,1.0,1.0,0.0,2.0,0.0,0.0
2.0,2.0,2.0,1.0,0.0,0.0,0.0,0.0
2.0,2.0,2.0,1.0,0.0,1.0,0.0,0.0
2.0,2.0,2.0,1.0,0.0,2.0,0.0,0.0
2.0,2.0,0.0,1.0,1.0,0.0,0.0,0.0
2.0,2.0,0.0,1.0,1.0,1.0,0.0,0.0
2.0,1.0,1.0,2.0,1.0,1.0,1.0,0.0
2.0,1.0,1.0,2.0,1.0,2.0,1.0,0.0
2.0,1.0,2.0,2.0,1.0,0.0,0.0,0.0
2.0,1.0,2.0,2.0,1.0,1.0,1.0,0.0
2.0,1.0,2.0,2.0,1.0,2.0,2.0,0.0
2.0,1.0,0.0,2.0,2.0,0.0,0.0,0.0
2.0,1.0,0.0,2.0,2.0,1.0,1.0,0.0
2.0,1.0,0.0,2.0,2.0,2.0,1.0,0.0
2.0,1.0,1.0,2.0,2.0,0.0,0.0,0.0
2.0,1.0,1.0,2.0,2.0,1.0,1.0,0.0
2.0,1.0,1.0,2.0,2.0,2.0,2.0,0.0
2.0,1.0,2.0,2.0,2.0,0.0,0.0,0.0
2.0,1.0,2.0,2.0,2.0,1.0,1.0,0.0
2.0,1.0,2.0,2.0,2.0,2.0,2.0,0.0
2.0,2.0,0.0,2.0,0.0,0.0,0.0,0.0
2.0,2.0,0.0,2.0,0.0,1.0,0.0,0.0
2.0,2.0,0.0,2.0,0.0,2.0,0.0,0.0
2.0,2.0,1.0,2.0,0.0,0.0,0.0,0.0
2.0,2.0,1.0,2.0,0.0,1.0,0.0,0.0
2.0,2.0,1.0,2.0,0.0,2.0,0.0,0.0
2.0,2.0,2.0,2.0,0.0,0.0,0.0,0.0
2.0,2.0,2.0,2.0,0.0,1.0,0.0,0.0
2.0,2.0,2.0,2.0,0.0,2.0,0.0,0.0
2.0,2.0,0.0,2.0,1.0,0.0,0.0,0.0
2.0,2.0,0.0,2.0,1.0,1.0,1.0,0.0
2.0,2.0,0.0,2.0,1.0,2.0,1.0,0.0
2.0,2.0,1.0,2.0,1.0,0.0,0.0,0.0
2.0,2.0,1.0,2.0,1.0,1.0,1.0,0.0
2.0,2.0,1.0,2.0,1.0,2.0,2.0,0.0
2.0,2.0,2.0,2.0,1.0,0.0,0.0,0.0
2.0,2.0,2.0,2.0,1.0,1.0,1.0,0.0
2.0,2.0,2.0,2.0,1.0,2.0,2.0,0.0
2.0,2.0,0.0,2.0,2.0,0.0,0.0,0.0
2.0,2.0,0.0,2.0,2.0,1.0,1.0,0.0
2.0,2.0,0.0,2.0,2.0,2.0,1.0,0.0
2.0,2.0,1.0,2.0,2.0,0.0,0.0,0.0
2.0,2.0,1.0,2.0,2.0,1.0,1.0,0.0
2.0,2.0,1.0,2.0,2.0,2.0,2.0,0.0
2.0,2.0,2.0,2.0,2.0,0.0,0.0,0.0
2.0,2.0,2.0,2.0,2.0,1.0,1.0,0.0
2.0,2.0,2.0,2.0,2.0,2.0,2.0,0.0
2.0,3.0,0.0,2.0,0.0,0.0,0.0,0.0
2.0,3.0,0.0,2.0,0.0,1.0,0.0,0.0
2.0,3.0,0.0,2.0,0.0,2.0,0.0,0.0
2.0,3.0,1.0,2.0,0.0,0.0,0.0,0.0
2.0,3.0,1.0,2.0,0.0,1.0,0.0,0.0
2.0,3.0,1.0,2.0,0.0,2.0,0.0,0.0
2.0,3.0,2.0,2.0,0.0,0.0,0.0,0.0
2.0,3.0,2.0,2.0,0.0,1.0,0.0,0.0
2.0,3.0,2.0,2.0,0.0,2.0,0.0,0.0
2.0,3.0,0.0,2.0,1.0,0.0,0.0,0.0
2.0,3.0,0.0,2.0,1.0,1.0,1.0,0.0
2.0,3.0,0.0,2.0,1.0,2.0,1.0,0.0
2.0,3.0,1.0,2.0,1.0,0.0,0.0,0.0
2.0,3.0,1.0,2.0,1.0,1.0,1.0,0.0
2.0,3.0,1.0,2.0,1.0,2.0,2.0,0.0
2.0,3.0,2.0,2.0,1.0,0.0,0.0,0.0
2.0,3.0,2.0,2.0,1.0,1.0,1.0,0.0
2.0,3.0,2.0,2.0,1.0,2.0,2.0,0.0
2.0,3.0,0.0,2.0,2.0,0.0,0.0,0.0
2.0,3.0,0.0,2.0,2.0,1.0,1.0,0.0
2.0,3.0,0.0,2.0,2.0,2.0,1.0,0.0
2.0,3.0,1.0,2.0,2.0,0.0,0.0,0.0
2.0,3.0,1.0,2.0,2.0,1.0,1.0,0.0
2.0,3.0,1.0,2.0,2.0,2.0,2.0,0.0
2.0,3.0,2.0,2.0,2.0,0.0,0.0,0.0
2.0,3.0,2.0,2.0,2.0,1.0,1.0,0.0
2.0,3.0,2.0,2.0,2.0,2.0,2.0,0.0
2.0,0.0,0.0,3.0,0.0,0.0,0.0,0.0
2.0,0.0,0.0,3.0,0.0,1.0,0.0,0.0
2.0,0.0,0.0,3.0,0.0,2.0,0.0,0.0
2.0,0.0,1.0,3.0,0.0,0.0,0.0,0.0
2.0,0.0,1.0,3.0,0.0,1.0,0.0,0.0
2.0,0.0,1.0,3.0,0.0,2.0,0.0,0.0
2.0,1.0,0.0,2.0,1.0,0.0,0.0,0.0
2.0,1.0,0.0,2.0,1.0,1.0,1.0,0.0
2.0,1.0,0.0,2.0,1.0,2.0,1.0,0.0
2.0,1.0,1.0,2.0,1.0,0.0,0.0,0.0
2.0,0.0,2.0,3.0,0.0,2.0,0.0,0.0
2.0,0.0,0.0,3.0,1.0,0.0,0.0,0.0
2.0,0.0,0.0,3.0,1.0,1.0,1.0,0.0
2.0,0.0,0.0,3.0,1.0,2.0,3.0,0.0
2.0,0.0,1.0,3.0,1.0,0.0,0.0,0.0
2.0,0.0,1.0,3.0,1.0,1.0,1.0,0.0
2.0,0.0,1.0,3.0,1.0,2.0,3.0,0.0
2.0,0.0,2.0,3.0,1.0,0.0,0.0,0.0
2.0,0.0,2.0,3.0,1.0,1.0,3.0,0.0
2.0,0.0,2.0,3.0,1.0,2.0,2.0,0.0
2.0,0.0,0.0,3.0,2.0,0.0,0.0,0.0
2.0,0.0,0.0,3.0,2.0,1.0,0.0,0.0
2.0,0.0,0.0,3.0,2.0,2.0,0.0,0.0
2.0,0.0,1.0,3.0,2.0,0.0,0.0,0.0
2.0,0.0,1.0,3.0,2.0,1.0,1.0,0.0
2.0,0.0,1.0,3.0,2.0,2.0,3.0,0.0
2.0,0.0,2.0,3.0,2.0,0.0,0.0,0.0
2.0,0.0,2.0,3.0,2.0,1.0,3.0,0.0
2.0,0.0,2.0,3.0,2.0,2.0,2.0,0.0
2.0,1.0,0.0,3.0,0.0,0.0,0.0,0.0
2.0,1.0,0.0,3.0,0.0,1.0,0.0,0.0
2.0,1.0,0.0,3.0,0.0,2.0,0.0,0.0
2.0,1.0,1.0,3.0,0.0,0.0,0.0,0.0
2.0,1.0,1.0,3.0,0.0,1.0,0.0,0.0
2.0,1.0,1.0,3.0,0.0,2.0,0.0,0.0
2.0,1.0,2.0,3.0,0.0,0.0,0.0,0.0
2.0,1.0,2.0,3.0,0.0,1.0,0.0,0.0
2.0,1.0,2.0,3.0,0.0,2.0,0.0,0.0
2.0,1.0,0.0,3.0,1.0,0.0,0.0,0.0
2.0,1.0,0.0,3.0,1.0,1.0,1.0,0.0
2.0,1.0,0.0,3.0,1.0,2.0,3.0,0.0
2.0,1.0,1.0,3.0,1.0,0.0,0.0,0.0
2.0,1.0,1.0,3.0,1.0,1.0,1.0,0.0
2.0,1.0,1.0,3.0,1.0,2.0,3.0,0.0
2.0,1.0,2.0,3.0,1.0,0.0,0.0,0.0
2.0,1.0,2.0,3.0,1.0,1.0,3.0,0.0
2.0,1.0,2.0,3.0,1.0,2.0,2.0,0.0
2.0,1.0,0.0,3.0,2.0,0.0,0.0,0.0
2.0,1.0,0.0,3.0,2.0,1.0,1.0,0.0
2.0,1.0,0.0,3.0,2.0,2.0,3.0,0.0
2.0,1.0,1.0,3.0,2.0,0.0,0.0,0.0
2.0,1.0,1.0,3.0,2.0,1.0,3.0,0.0
2.0,1.0,1.0,3.0,2.0,2.0,2.0,0.0
2.0,1.0,2.0,3.0,2.0,0.0,0.0,0.0
2.0,1.0,2.0,3.0,2.0,1.0,3.0,0.0
2.0,1.0,2.0,3.0,2.0,2.0,2.0,0.0
2.0,2.0,0.0,3.0,0.0,0.0,0.0,0.0
2.0,2.0,0.0,3.0,0.0,1.0,0.0,0.0
2.0,2.0,0.0,3.0,0.0,2.0,0.0,0.0
2.0,2.0,1.0,3.0,0.0,0.0,0.0,0.0
2.0,2.0,1.0,3.0,0.0,1.0,0.0,0.0
2.0,2.0,1.0,3.0,0.0,2.0,0.0,0.0
2.0,2.0,2.0,3.0,0.0,0.0,0.0,0.0
2.0,2.0,2.0,3.0,0.0,1.0,0.0,0.0
2.0,2.0,2.0,3.0,0.0,2.0,0.0,0.0
2.0,2.0,0.0,3.0,1.0,0.0,0.0,0.0
2.0,2.0,0.0,3.0,1.0,1.0,1.0,0.0
2.0,2.0,0.0,3.0,1.0,2.0,3.0,0.0
2.0,2.0,1.0,3.0,1.0,0.0,0.0,0.0
2.0,2.0,1.0,3.0,1.0,1.0,3.0,0.0
2.0,2.0,1.0,3.0,1.0,2.0,2.0,0.0
2.0,2.0,2.0,3.0,1.0,0.0,0.0,0.0
2.0,2.0,2.0,3.0,1.0,1.0,3.0,0.0
2.0,2.0,2.0,3.0,1.0,2.0,2.0,0.0
2.0,2.0,0.0,3.0,2.0,0.0,0.0,0.0
2.0,2.0,0.0,3.0,2.0,1.0,1.0,0.0
2.0,2.0,0.0,3.0,2.0,2.0,3.0,0.0
2.0,2.0,1.0,3.0,2.0,0.0,0.0,0.0
2.0,2.0,1.0,3.0,2.0,1.0,3.0,0.0
2.0,2.0,1.0,3.0,2.0,2.0,2.0,0.0
2.0,2.0,2.0,3.0,2.0,0.0,0.0,0.0
2.0,2.0,2.0,3.0,2.0,1.0,3.0,0.0
2.0,2.0,2.0,3.0,2.0,2.0,2.0,0.0
2.0,3.0,0.0,3.0,0.0,0.0,0.0,0.0
2.0,3.0,0.0,3.0,0.0,1.0,0.0,0.0
2.0,3.0,0.0,3.0,0.0,2.0,0.0,0.0
2.0,3.0,1.0,3.0,0.0,0.0,0.0,0.0
2.0,3.0,1.0,3.0,0.0,1.0,0.0,0.0
2.0,3.0,1.0,3.0,0.0,2.0,0.0,0.0
2.0,3.0,2.0,3.0,0.0,0.0,0.0,0.0
2.0,3.0,2.0,3.0,0.0,1.0,0.0,0.0
2.0,3.0,2.0,3.0,0.0,2.0,0.0,0.0
2.0,3.0,0.0,3.0,1.0,0.0,0.0,0.0
2.0,3.0,0.0,3.0,1.0,1.0,1.0,0.0
2.0,3.0,0.0,3.0,1.0,2.0,3.0,0.0
2.0,3.0,1.0,3.0,1.0,0.0,0.0,0.0
2.0,0.0,2.0,3.0,0.0,0.0,0.0,0.0
2.0,0.0,2.0,3.0,0.0,1.0,0.0,0.0
2.0,3.0,1.0,3.0,1.0,1.0,3.0,0.0
2.0,3.0,1.0,3.0,1.0,2.0,2.0,0.0
2.0,3.0,2.0,3.0,1.0,1.0,3.0,0.0
2.0,3.0,2.0,3.0,1.0,2.0,2.0,0.0
2.0,3.0,0.0,3.0,2.0,0.0,0.0,0.0
2.0,3.0,0.0,3.0,2.0,1.0,1.0,0.0
2.0,3.0,0.0,3.0,2.0,2.0,3.0,0.0
2.0,3.0,1.0,3.0,2.0,0.0,0.0,0.0
2.0,3.0,1.0,3.0,2.0,1.0,3.0,0.0
2.0,3.0,1.0,3.0,2.0,2.0,2.0,0.0
2.0,3.0,2.0,3.0,2.0,0.0,0.0,0.0
2.0,3.0,2.0,3.0,2.0,1.0,3.0,0.0
2.0,3.0,2.0,3.0,2.0,2.0,2.0,0.0
3.0,0.0,0.0,0.0,0.0,0.0,0.0,0.0
3.0,0.0,0.0,0.0,0.0,1.0,0.0,0.0
3.0,0.0,0.0,0.0,0.0,2.0,0.0,0.0
3.0,0.0,1.0,0.0,0.0,0.0,0.0,0.0
3.0,0.0,1.0,0.0,0.0,1.0,0.0,0.0
3.0,0.0,1.0,0.0,0.0,2.0,0.0,0.0
3.0,0.0,2.0,0.0,0.0,0.0,0.0,0.0
3.0,0.0,2.0,0.0,0.0,1.0,0.0,0.0
3.0,0.0,2.0,0.0,0.0,2.0,0.0,0.0
3.0,0.0,0.0,0.0,1.0,0.0,0.0,0.0
3.0,0.0,0.0,0.0,1.0,1.0,0.0,0.0
3.0,0.0,0.0,0.0,1.0,2.0,1.0,0.0
3.0,0.0,1.0,0.0,1.0,0.0,0.0,0.0
3.0,0.0,1.0,0.0,1.0,1.0,0.0,0.0
3.0,0.0,1.0,0.0,1.0,2.0,1.0,0.0
3.0,0.0,2.0,0.0,1.0,0.0,0.0,0.0
3.0,0.0,2.0,0.0,1.0,1.0,1.0,0.0
3.0,0.0,2.0,0.0,1.0,2.0,1.0,0.0
3.0,0.0,0.0,0.0,2.0,0.0,0.0,0.0
3.0,0.0,0.0,0.0,2.0,1.0,0.0,0.0
3.0,0.0,0.0,0.0,2.0,2.0,0.0,0.0
3.0,0.0,1.0,0.0,2.0,0.0,0.0,0.0
3.0,0.0,1.0,0.0,2.0,1.0,0.0,0.0
3.0,0.0,1.0,0.0,2.0,2.0,1.0,0.0
3.0,0.0,2.0,0.0,2.0,0.0,0.0,0.0
3.0,0.0,2.0,0.0,2.0,1.0,1.0,0.0
3.0,0.0,2.0,0.0,2.0,2.0,1.0,0.0
3.0,1.0,0.0,0.0,0.0,0.0,0.0,0.0
3.0,1.0,0.0,0.0,0.0,1.0,0.0,0.0
3.0,1.0,0.0,0.0,0.0,2.0,0.0,0.0
3.0,1.0,1.0,0.0,0.0,0.0,0.0,0.0
3.0,1.0,1.0,0.0,0.0,1.0,0.0,0.0
3.0,1.0,1.0,0.0,0.0,2.0,0.0,0.0
3.0,1.0,2.0,0.0,0.0,0.0,0.0,0.0
3.0,1.0,2.0,0.0,0.0,1.0,0.0,0.0
3.0,1.0,2.0,0.0,0.0,2.0,0.0,0.0
3.0,1.0,0.0,0.0,1.0,0.0,0.0,0.0
3.0,1.0,0.0,0.0,1.0,1.0,0.0,0.0
3.0,1.0,0.0,0.0,1.0,2.0,1.0,0.0
3.0,1.0,1.0,0.0,1.0,0.0,0.0,0.0
3.0,1.0,1.0,0.0,1.0,1.0,0.0,0.0
3.0,1.0,1.0,0.0,1.0,2.0,1.0,0.0
3.0,1.0,2.0,0.0,1.0,0.0,0.0,0.0
3.0,1.0,2.0,0.0,1.0,1.0,1.0,0.0
3.0,1.0,2.0,0.0,1.0,2.0,1.0,0.0
3.0,1.0,0.0,0.0,2.0,0.0,0.0,0.0
3.0,1.0,0.0,0.0,2.0,1.0,0.0,0.0
3.0,1.0,0.0,0.0,2.0,2.0,1.0,0.0
3.0,1.0,1.0,0.0,2.0,0.0,0.0,0.0
3.0,1.0,1.0,0.0,2.0,1.0,1.0,0.0
3.0,1.0,1.0,0.0,2.0,2.0,1.0,0.0
3.0,1.0,2.0,0.0,2.0,0.0,0.0,0.0
3.0,1.0,2.0,0.0,2.0,1.0,1.0,0.0
3.0,1.0,2.0,0.0,2.0,2.0,1.0,0.0
3.0,2.0,0.0,0.0,0.0,0.0,0.0,0.0
3.0,2.0,0.0,0.0,0.0,1.0,0.0,0.0
3.0,2.0,0.0,0.0,0.0,2.0,0.0,0.0
3.0,2.0,1.0,0.0,0.0,0.0,0.0,0.0
3.0,2.0,1.0,0.0,0.0,1.0,0.0,0.0
3.0,2.0,1.0,0.0,0.0,2.0,0.0,0.0
3.0,2.0,2.0,0.0,0.0,0.0,0.0,0.0
3.0,2.0,2.0,0.0,0.0,1.0,0.0,0.0
3.0,2.0,2.0,0.0,0.0,2.0,0.0,0.0
3.0,2.0,0.0,0.0,1.0,0.0,0.0,0.0
3.0,2.0,0.0,0.0,1.0,1.0,0.0,0.0
2.0,3.0,2.0,3.0,1.0,0.0,0.0,0.0
3.0,2.0,1.0,0.0,1.0,1.0,1.0,0.0
3.0,2.0,1.0,0.0,1.0,2.0,1.0,0.0
3.0,2.0,2.0,0.0,1.0,0.0,0.0,0.0
3.0,2.0,2.0,0.0,1.0,1.0,1.0,0.0
3.0,2.0,2.0,0.0,1.0,2.0,1.0,0.0
3.0,2.0,0.0,0.0,2.0,0.0,0.0,0.0
3.0,2.0,0.0,0.0,2.0,1.0,0.0,0.0
3.0,2.0,0.0,0.0,2.0,2.0,1.0,0.0
3.0,2.0,1.0,0.0,2.0,0.0,0.0,0.0
3.0,2.0,1.0,0.0,2.0,1.0,1.0,0.0
3.0,2.0,1.0,0.0,2.0,2.0,1.0,0.0
3.0,2.0,2.0,0.0,2.0,0.0,0.0,0.0
3.0,2.0,2.0,0.0,2.0,1.0,1.0,0.0
3.0,2.0,2.0,0.0,2.0,2.0,1.0,0.0
3.0,3.0,0.0,0.0,0.0,0.0,0.0,0.0
3.0,3.0,0.0,0.0,0.0,1.0,0.0,0.0
3.0,3.0,0.0,0.0,0.0,2.0,0.0,0.0
3.0,3.0,1.0,0.0,0.0,0.0,0.0,0.0
3.0,3.0,1.0,0.0,0.0,1.0,0.0,0.0
3.0,3.0,1.0,0.0,0.0,2.0,0.0,0.0
3.0,3.0,2.0,0.0,0.0,0.0,0.0,0.0
3.0,3.0,2.0,0.0,0.0,1.0,0.0,0.0
3.0,3.0,2.0,0.0,0.0,2.0,0.0,0.0
3.0,3.0,0.0,0.0,1.0,0.0,0.0,0.0
3.0,3.0,0.0,0.0,1.0,1.0,0.0,0.0
3.0,3.0,0.0,0.0,1.0,2.0,1.0,0.0
3.0,3.0,1.0,0.0,1.0,0.0,0.0,0.0
3.0,3.0,1.0,0.0,1.0,1.0,1.0,0.0
3.0,3.0,1.0,0.0,1.0,2.0,1.0,0.0
3.0,3.0,2.0,0.0,1.0,0.0,0.0,0.0
3.0,3.0,2.0,0.0,1.0,1.0,1.0,0.0
3.0,3.0,2.0,0.0,1.0,2.0,1.0,0.0
3.0,3.0,0.0,0.0,2.0,0.0,0.0,0.0
3.0,3.0,0.0,0.0,2.0,1.0,0.0,0.0
3.0,3.0,0.0,0.0,2.0,2.0,1.0,0.0
3.0,3.0,1.0,0.0,2.0,0.0,0.0,0.0
3.0,3.0,1.0,0.0,2.0,1.0,1.0,0.0
3.0,3.0,1.0,0.0,2.0,2.0,1.0,0.0
3.0,3.0,2.0,0.0,2.0,0.0,0.0,0.0
3.0,3.0,2.0,0.0,2.0,1.0,1.0,0.0
3.0,3.0,2.0,0.0,2.0,2.0,1.0,0.0
3.0,0.0,0.0,1.0,0.0,0.0,0.0,0.0
3.0,0.0,0.0,1.0,0.0,1.0,0.0,0.0
3.0,0.0,0.0,1.0,0.0,2.0,0.0,0.0
3.0,0.0,1.0,1.0,0.0,0.0,0.0,0.0
3.0,0.0,1.0,1.0,0.0,1.0,0.0,0.0
3.0,0.0,1.0,1.0,0.0,2.0,0.0,0.0
3.0,0.0,2.0,1.0,0.0,0.0,0.0,0.0
3.0,0.0,2.0,1.0,0.0,1.0,0.0,0.0
3.0,0.0,2.0,1.0,0.0,2.0,0.0,0.0
3.0,0.0,0.0,1.0,1.0,0.0,0.0,0.0
3.0,0.0,0.0,1.0,1.0,1.0,1.0,0.0
3.0,0.0,0.0,1.0,1.0,2.0,1.0,0.0
3.0,0.0,1.0,1.0,1.0,0.0,0.0,0.0
3.0,0.0,1.0,1.0,1.0,1.0,1.0,0.0
3.0,0.0,1.0,1.0,1.0,2.0,1.0,0.0
3.0,0.0,2.0,1.0,1.0,0.0,0.0,0.0
3.0,0.0,2.0,1.0,1.0,1.0,1.0,0.0
3.0,0.0,2.0,1.0,1.0,2.0,2.0,0.0
3.0,0.0,0.0,1.0,2.0,0.0,0.0,0.0
3.0,0.0,0.0,1.0,2.0,1.0,0.0,0.0
3.0,0.0,0.0,1.0,2.0,2.0,0.0,0.0
3.0,0.0,1.0,1.0,2.0,0.0,0.0,0.0
3.0,0.0,1.0,1.0,2.0,1.0,1.0,0.0
3.0,0.0,1.0,1.0,2.0,2.0,1.0,0.0
3.0,0.0,2.0,1.0,2.0,0.0,0.0,0.0
3.0,0.0,2.0,1.0,2.0,1.0,1.0,0.0
3.0,0.0,2.0,1.0,2.0,2.0,2.0,0.0
3.0,1.0,0.0,1.0,0.0,0.0,0.0,0.0
3.0,1.0,0.0,1.0,0.0,1.0,0.0,0.0
3.0,1.0,0.0,1.0,0.0,2.0,0.0,0.0
3.0,1.0,1.0,1.0,0.0,0.0,0.0,0.0
3.0,1.0,1.0,1.0,0.0,1.0,0.0,0.0
3.0,1.0,1.0,1.0,0.0,2.0,0.0,0.0
3.0,1.0,2.0,1.0,0.0,0.0,0.0,0.0
3.0,1.0,2.0,1.0,0.0,1.0,0.0,0.0
3.0,1.0,2.0,1.0,0.0,2.0,0.0,0.0
3.0,1.0,0.0,1.0,1.0,0.0,0.0,0.0
3.0,1.0,0.0,1.0,1.0,1.0,1.0,0.0
3.0,2.0,0.0,0.0,1.0,2.0,1.0,0.0
3.0,2.0,1.0,0.0,1.0,0.0,0.0,0.0
3.0,1.0,0.0,1.0,2.0,1.0,1.0,0.0
3.0,1.0,0.0,1.0,2.0,2.0,1.0,0.0
3.0,1.0,1.0,1.0,2.0,0.0,0.0,0.0
3.0,1.0,1.0,1.0,2.0,1.0,1.0,0.0
3.0,1.0,1.0,1.0,2.0,2.0,2.0,0.0
3.0,1.0,2.0,1.0,2.0,0.0,0.0,0.0
3.0,1.0,2.0,1.0,2.0,1.0,1.0,0.0
3.0,1.0,2.0,1.0,2.0,2.0,2.0,0.0
3.0,2.0,0.0,1.0,0.0,0.0,0.0,0.0
3.0,2.0,0.0,1.0,0.0,1.0,0.0,0.0
3.0,2.0,0.0,1.0,0.0,2.0,0.0,0.0
3.0,2.0,1.0,1.0,0.0,0.0,0.0,0.0
3.0,2.0,1.0,1.0,0.0,1.0,0.0,0.0
3.0,2.0,1.0,1.0,0.0,2.0,0.0,0.0
3.0,2.0,2.0,1.0,0.0,0.0,0.0,0.0
3.0,2.0,2.0,1.0,0.0,1.0,0.0,0.0
3.0,2.0,2.0,1.0,0.0,2.0,0.0,0.0
3.0,2.0,0.0,1.0,1.0,0.0,0.0,0.0
3.0,2.0,0.0,1.0,1.0,1.0,1.0,0.0
3.0,2.0,0.0,1.0,1.0,2.0,1.0,0.0
3.0,2.0,1.0,1.0,1.0,0.0,0.0,0.0
3.0,2.0,1.0,1.0,1.0,1.0,1.0,0.0
3.0,2.0,1.0,1.0,1.0,2.0,2.0,0.0
3.0,2.0,2.0,1.0,1.0,0.0,0.0,0.0
3.0,2.0,2.0,1.0,1.0,1.0,1.0,0.0
3.0,2.0,2.0,1.0,1.0,2.0,2.0,0.0
3.0,2.0,0.0,1.0,2.0,0.0,0.0,0.0
3.0,2.0,0.0,1.0,2.0,1.0,1.0,0.0
3.0,2.0,0.0,1.0,2.0,2.0,1.0,0.0
3.0,2.0,1.0,1.0,2.0,0.0,0.0,0.0
3.0,2.0,1.0,1.0,2.0,1.0,1.0,0.0
3.0,2.0,1.0,1.0,2.0,2.0,2.0,0.0
3.0,2.0,2.0,1.0,2.0,0.0,0.0,0.0
3.0,2.0,2.0,1.0,2.0,1.0,1.0,0.0
3.0,2.0,2.0,1.0,2.0,2.0,2.0,0.0
3.0,3.0,0.0,1.0,0.0,0.0,0.0,0.0
3.0,3.0,0.0,1.0,0.0,1.0,0.0,0.0
3.0,3.0,0.0,1.0,0.0,2.0,0.0,0.0
3.0,3.0,1.0,1.0,0.0,0.0,0.0,0.0
3.0,3.0,1.0,1.0,0.0,1.0,0.0,0.0
3.0,3.0,1.0,1.0,0.0,2.0,0.0,0.0
3.0,3.0,2.0,1.0,0.0,0.0,0.0,0.0
3.0,3.0,2.0,1.0,0.0,1.0,0.0,0.0
3.0,3.0,2.0,1.0,0.0,2.0,0.0,0.0
3.0,3.0,0.0,1.0,1.0,0.0,0.0,0.0
3.0,3.0,0.0,1.0,1.0,1.0,1.0,0.0
3.0,3.0,0.0,1.0,1.0,2.0,1.0,0.0
3.0,3.0,1.0,1.0,1.0,0.0,0.0,0.0
3.0,3.0,1.0,1.0,1.0,1.0,1.0,0.0
3.0,3.0,1.0,1.0,1.0,2.0,2.0,0.0
3.0,3.0,2.0,1.0,1.0,0.0,0.0,0.0
3.0,3.0,2.0,1.0,1.0,1.0,1.0,0.0
3.0,3.0,2.0,1.0,1.0,2.0,2.0,0.0
3.0,3.0,0.0,1.0,2.0,0.0,0.0,0.0
3.0,3.0,0.0,1.0,2.0,1.0,1.0,0.0
3.0,3.0,0.0,1.0,2.0,2.0,1.0,0.0
3.0,3.0,1.0,1.0,2.0,0.0,0.0,0.0
3.0,3.0,1.0,1.0,2.0,1.0,1.0,0.0
3.0,3.0,1.0,1.0,2.0,2.0,2.0,0.0
3.0,3.0,2.0,1.0,2.0,0.0,0.0,0.0
3.0,3.0,2.0,1.0,2.0,1.0,1.0,0.0
3.0,3.0,2.0,1.0,2.0,2.0,2.0,0.0
3.0,0.0,0.0,2.0,0.0,0.0,0.0,0.0
3.0,0.0,0.0,2.0,0.0,1.0,0.0,0.0
3.0,0.0,0.0,2.0,0.0,2.0,0.0,0.0
3.0,0.0,1.0,2.0,0.0,0.0,0.0,0.0
3.0,0.0,1.0,2.0,0.0,1.0,0.0,0.0
3.0,0.0,1.0,2.0,0.0,2.0,0.0,0.0
3.0,0.0,2.0,2.0,0.0,0.0,0.0,0.0
3.0,0.0,2.0,2.0,0.0,1.0,0.0,0.0
3.0,0.0,2.0,2.0,0.0,2.0,0.0,0.0
3.0,0.0,0.0,2.0,1.0,0.0,0.0,0.0
3.0,0.0,0.0,2.0,1.0,1.0,1.0,0.0
3.0,0.0,0.0,2.0,1.0,2.0,3.0,0.0
3.0,0.0,1.0,2.0,1.0,0.0,0.0,0.0
3.0,0.0,1.0,2.0,1.0,1.0,1.0,0.0
3.0,0.0,1.0,2.0,1.0,2.0,3.0,0.0
3.0,0.0,2.0,2.0,1.0,0.0,0.0,0.0
3.0,1.0,0.0,1.0,1.0,2.0,1.0,0.0
3.0,1.0,1.0,1.0,1.0,0.0,0.0,0.0
3.0,1.0,1.0,1.0,1.0,1.0,1.0,0.0
3.0,1.0,1.0,1.0,1.0,2.0,1.0,0.0
3.0,1.0,2.0,1.0,1.0,0.0,0.0,0.0
3.0,1.0,2.0,1.0,1.0,1.0,1.0,0.0
3.0,1.0,2.0,1.0,1.0,2.0,2.0,0.0
3.0,1.0,0.0,1.0,2.0,0.0,0.0,0.0
3.0,0.0,2.0,2.0,1.0,1.0,3.0,0.0
3.0,0.0,2.0,2.0,1.0,2.0,2.0,0.0
3.0,0.0,0.0,2.0,2.0,1.0,0.0,0.0
3.0,0.0,0.0,2.0,2.0,2.0,0.0,0.0
3.0,0.0,1.0,2.0,2.0,0.0,0.0,0.0
3.0,0.0,1.0,2.0,2.0,1.0,1.0,0.0
3.0,0.0,1.0,2.0,2.0,2.0,3.0,0.0
3.0,0.0,2.0,2.0,2.0,0.0,0.0,0.0
3.0,0.0,2.0,2.0,2.0,1.0,3.0,0.0
3.0,0.0,2.0,2.0,2.0,2.0,2.0,0.0
3.0,1.0,0.0,2.0,0.0,0.0,0.0,0.0
3.0,1.0,0.0,2.0,0.0,1.0,0.0,0.0
3.0,1.0,0.0,2.0,0.0,2.0,0.0,0.0
3.0,1.0,1.0,2.0,0.0,0.0,0.0,0.0
3.0,1.0,1.0,2.0,0.0,1.0,0.0,0.0
3.0,1.0,1.0,2.0,0.0,2.0,0.0,0.0
3.0,1.0,2.0,2.0,0.0,0.0,0.0,0.0
3.0,1.0,2.0,2.0,0.0,1.0,0.0,0.0
3.0,1.0,2.0,2.0,0.0,2.0,0.0,0.0
3.0,1.0,0.0,2.0,1.0,0.0,0.0,0.0
3.0,1.0,0.0,2.0,1.0,1.0,1.0,0.0
3.0,1.0,0.0,2.0,1.0,2.0,3.0,0.0
3.0,1.0,1.0,2.0,1.0,0.0,0.0,0.0
3.0,1.0,1.0,2.0,1.0,1.0,1.0,0.0
3.0,1.0,1.0,2.0,1.0,2.0,3.0,0.0
3.0,1.0,2.0,2.0,1.0,0.0,0.0,0.0
3.0,1.0,2.0,2.0,1.0,1.0,3.0,0.0
3.0,1.0,2.0,2.0,1.0,2.0,2.0,0.0
3.0,1.0,0.0,2.0,2.0,0.0,0.0,0.0
3.0,1.0,0.0,2.0,2.0,1.0,1.0,0.0
3.0,1.0,0.0,2.0,2.0,2.0,3.0,0.0
3.0,1.0,1.0,2.0,2.0,0.0,0.0,0.0
3.0,1.0,1.0,2.0,2.0,1.0,3.0,0.0
3.0,1.0,1.0,2.0,2.0,2.0,2.0,0.0
3.0,1.0,2.0,2.0,2.0,0.0,0.0,0.0
3.0,1.0,2.0,2.0,2.0,1.0,3.0,0.0
3.0,1.0,2.0,2.0,2.0,2.0,2.0,0.0
3.0,2.0,0.0,2.0,0.0,0.0,0.0,0.0
3.0,2.0,0.0,2.0,0.0,1.0,0.0,0.0
3.0,2.0,0.0,2.0,0.0,2.0,0.0,0.0
3.0,2.0,1.0,2.0,0.0,0.0,0.0,0.0
3.0,2.0,1.0,2.0,0.0,1.0,0.0,0.0
3.0,2.0,1.0,2.0,0.0,2.0,0.0,0.0
3.0,2.0,2.0,2.0,0.0,0.0,0.0,0.0
3.0,2.0,2.0,2.0,0.0,1.0,0.0,0.0
3.0,2.0,2.0,2.0,0.0,2.0,0.0,0.0
3.0,2.0,0.0,2.0,1.0,0.0,0.0,0.0
3.0,2.0,0.0,2.0,1.0,1.0,1.0,0.0
3.0,2.0,0.0,2.0,1.0,2.0,3.0,0.0
3.0,2.0,1.0,2.0,1.0,0.0,0.0,0.0
3.0,2.0,1.0,2.0,1.0,1.0,3.0,0.0
3.0,2.0,1.0,2.0,1.0,2.0,2.0,0.0
3.0,2.0,2.0,2.0,1.0,0.0,0.0,0.0
3.0,2.0,2.0,2.0,1.0,1.0,3.0,0.0
3.0,2.0,2.0,2.0,1.0,2.0,2.0,0.0
3.0,2.0,0.0,2.0,2.0,0.0,0.0,0.0
3.0,2.0,0.0,2.0,2.0,1.0,1.0,0.0
3.0,2.0,0.0,2.0,2.0,2.0,3.0,0.0
3.0,2.0,1.0,2.0,2.0,0.0,0.0,0.0
3.0,2.0,1.0,2.0,2.0,1.0,3.0,0.0
3.0,2.0,1.0,2.0,2.0,2.0,2.0,0.0
3.0,2.0,2.0,2.0,2.0,0.0,0.0,0.0
3.0,2.0,2.0,2.0,2.0,1.0,3.0,0.0
3.0,2.0,2.0,2.0,2.0,2.0,2.0,0.0
3.0,3.0,0.0,2.0,0.0,0.0,0.0,0.0
3.0,3.0,0.0,2.0,0.0,1.0,0.0,0.0
3.0,3.0,0.0,2.0,0.0,2.0,0.0,0.0
3.0,3.0,1.0,2.0,0.0,0.0,0.0,0.0
3.0,3.0,1.0,2.0,0.0,1.0,0.0,0.0
3.0,3.0,1.0,2.0,0.0,2.0,0.0,0.0
3.0,3.0,2.0,2.0,0.0,0.0,0.0,0.0
3.0,3.0,2.0,2.0,0.0,1.0,0.0,0.0
3.0,3.0,2.0,2.0,0.0,2.0,0.0,0.0
3.0,3.0,0.0,2.0,1.0,0.0,0.0,0.0
3.0,3.0,0.0,2.0,1.0,1.0,1.0,0.0
3.0,3.0,0.0,2.0,1.0,2.0,3.0,0.0
3.0,3.0,1.0,2.0,1.0,0.0,0.0,0.0
3.0,3.0,1.0,2.0,1.0,1.0,3.0,0.0
3.0,3.0,1.0,2.0,1.0,2.0,2.0,0.0
3.0,3.0,2.0,2.0,1.0,0.0,0.0,0.0
3.0,3.0,2.0,2.0,1.0,1.0,3.0,0.0
3.0,3.0,2.0,2.0,1.0,2.0,2.0,0.0
3.0,0.0,0.0,2.0,2.0,0.0,0.0,0.0
3.0,3.0,0.0,2.0,2.0,0.0,0.0,0.0
3.0,3.0,0.0,2.0,2.0,1.0,1.0,0.0
3.0,3.0,1.0,2.0,2.0,0.0,0.0,0.0
3.0,3.0,1.0,2.0,2.0,1.0,3.0,0.0
3.0,3.0,1.0,2.0,2.0,2.0,2.0,0.0
3.0,3.0,2.0,2.0,2.0,0.0,0.0,0.0
3.0,3.0,2.0,2.0,2.0,1.0,3.0,0.0
3.0,3.0,2.0,2.0,2.0,2.0,2.0,0.0
3.0,0.0,0.0,3.0,0.0,0.0,0.0,0.0
3.0,0.0,0.0,3.0,0.0,1.0,0.0,0.0
3.0,0.0,0.0,3.0,0.0,2.0,0.0,0.0
3.0,0.0,1.0,3.0,0.0,0.0,0.0,0.0
3.0,0.0,1.0,3.0,0.0,1.0,0.0,0.0
3.0,0.0,1.0,3.0,0.0,2.0,0.0,0.0
3.0,0.0,2.0,3.0,0.0,0.0,0.0,0.0
3.0,0.0,2.0,3.0,0.0,1.0,0.0,0.0
3.0,0.0,2.0,3.0,0.0,2.0,0.0,0.0
3.0,0.0,0.0,3.0,1.0,0.0,0.0,0.0
3.0,0.0,0.0,3.0,1.0,1.0,1.0,0.0
3.0,0.0,0.0,3.0,1.0,2.0,3.0,0.0
3.0,0.0,1.0,3.0,1.0,0.0,0.0,0.0
3.0,0.0,1.0,3.0,1.0,1.0,1.0,0.0
3.0,0.0,1.0,3.0,1.0,2.0,3.0,0.0
3.0,0.0,2.0,3.0,1.0,0.0,0.0,0.0
3.0,0.0,2.0,3.0,1.0,1.0,3.0,0.0
3.0,0.0,2.0,3.0,1.0,2.0,2.0,0.0
3.0,0.0,0.0,3.0,2.0,0.0,0.0,0.0
3.0,0.0,0.0,3.0,2.0,1.0,0.0,0.0
3.0,0.0,0.0,3.0,2.0,2.0,0.0,0.0
3.0,0.0,1.0,3.0,2.0,0.0,0.0,0.0
3.0,0.0,1.0,3.0,2.0,1.0,1.0,0.0
3.0,0.0,1.0,3.0,2.0,2.0,3.0,0.0
3.0,0.0,2.0,3.0,2.0,0.0,0.0,0.0
3.0,0.0,2.0,3.0,2.0,1.0,3.0,0.0
3.0,0.0,2.0,3.0,2.0,2.0,2.0,0.0
3.0,1.0,0.0,3.0,0.0,0.0,0.0,0.0
3.0,1.0,0.0,3.0,0.0,1.0,0.0,0.0
3.0,1.0,0.0,3.0,0.0,2.0,0.0,0.0
3.0,1.0,1.0,3.0,0.0,0.0,0.0,0.0
3.0,1.0,1.0,3.0,0.0,1.0,0.0,0.0
3.0,1.0,1.0,3.0,0.0,2.0,0.0,0.0
3.0,1.0,2.0,3.0,0.0,0.0,0.0,0.0
3.0,1.0,2.0,3.0,0.0,1.0,0.0,0.0
3.0,1.0,2.0,3.0,0.0,2.0,0.0,0.0
3.0,1.0,0.0,3.0,1.0,0.0,0.0,0.0
3.0,1.0,0.0,3.0,1.0,1.0,1.0,0.0
3.0,1.0,0.0,3.0,1.0,2.0,3.0,0.0
3.0,1.0,1.0,3.0,1.0,0.0,0.0,0.0
3.0,1.0,1.0,3.0,1.0,1.0,1.0,0.0
3.0,1.0,1.0,3.0,1.0,2.0,3.0,0.0
3.0,1.0,2.0,3.0,1.0,0.0,0.0,0.0
3.0,1.0,2.0,3.0,1.0,1.0,3.0,0.0
3.0,1.0,2.0,3.0,1.0,2.0,2.0,0.0
3.0,1.0,0.0,3.0,2.0,0.0,0.0,0.0
3.0,1.0,0.0,3.0,2.0,1.0,1.0,0.0
3.0,1.0,0.0,3.0,2.0,2.0,3.0,0.0
3.0,1.0,1.0,3.0,2.0,0.0,0.0,0.0
3.0,1.0,1.0,3.0,2.0,1.0,3.0,0.0
3.0,1.0,1.0,3.0,2.0,2.0,2.0,0.0
3.0,1.0,2.0,3.0,2.0,0.0,0.0,0.0
3.0,1.0,2.0,3.0,2.0,1.0,3.0,0.0
3.0,1.0,2.0,3.0,2.0,2.0,2.0,0.0
3.0,2.0,0.0,3.0,0.0,0.0,0.0,0.0
3.0,2.0,0.0,3.0,0.0,1.0,0.0,0.0
3.0,2.0,0.0,3.0,0.0,2.0,0.0,0.0
3.0,2.0,1.0,3.0,0.0,0.0,0.0,0.0
3.0,2.0,1.0,3.0,0.0,1.0,0.0,0.0
3.0,2.0,1.0,3.0,0.0,2.0,0.0,0.0
3.0,2.0,2.0,3.0,0.0,0.0,0.0,0.0
3.0,3.0,0.0,2.0,2.0,2.0,3.0,0.0
3.0,2.0,2.0,3.0,1.0,2.0,2.0,0.0
3.0,2.0,0.0,3.0,2.0,0.0,0.0,0.0
3.0,2.0,0.0,3.0,2.0,1.0,1.0,0.0
3.0,2.0,0.0,3.0,2.0,2.0,3.0,0.0
3.0,2.0,1.0,3.0,2.0,0.0,0.0,0.0
3.0,2.0,1.0,3.0,2.0,1.0,3.0,0.0
3.0,2.0,1.0,3.0,2.0,2.0,2.0,0.0
3.0,2.0,2.0,3.0,2.0,0.0,0.0,0.0
3.0,2.0,2.0,3.0,2.0,1.0,3.0,0.0
3.0,2.0,2.0,3.0,2.0,2.0,2.0,0.0
3.0,3.0,0.0,3.0,0.0,0.0,0.0,0.0
3.0,3.0,0.0,3.0,0.0,1.0,0.0,0.0
3.0,3.0,0.0,3.0,0.0,2.0,0.0,0.0
3.0,3.0,1.0,3.0,0.0,0.0,0.0,0.0
3.0,3.0,1.0,3.0,0.0,1.0,0.0,0.0
3.0,3.0,1.0,3.0,0.0,2.0,0.0,0.0
3.0,3.0,2.0,3.0,0.0,0.0,0.0,0.0
3.0,3.0,2.0,3.0,0.0,1.0,0.0,0.0
3.0,3.0,2.0,3.0,0.0,2.0,0.0,0.0
3.0,3.0,0.0,3.0,1.0,0.0,0.0,0.0
3.0,3.0,0.0,3.0,1.0,1.0,1.0,0.0
3.0,3.0,0.0,3.0,1.0,2.0,3.0,0.0
3.0,3.0,1.0,3.0,1.0,0.0,0.0,0.0
3.0,3.0,1.0,3.0,1.0,1.0,3.0,0.0
3.0,3.0,1.0,3.0,1.0,2.0,2.0,0.0
3.0,3.0,2.0,3.0,1.0,0.0,0.0,0.0
3.0,3.0,2.0,3.0,1.0,1.0,3.0,0.0
3.0,3.0,2.0,3.0,1.0,2.0,2.0,0.0
3.0,3.0,0.0,3.0,2.0,0.0,0.0,0.0
3.0,2.0,2.0,3.0,0.0,1.0,0.0,0.0
3.0,2.0,2.0,3.0,0.0,2.0,0.0,0.0
3.0,2.0,0.0,3.0,1.0,0.0,0.0,0.0
3.0,2.0,0.0,3.0,1.0,1.0,1.0,0.0
3.0,2.0,0.0,3.0,1.0,2.0,3.0,0.0
3.0,2.0,1.0,3.0,1.0,0.0,0.0,0.0
3.0,2.0,1.0,3.0,1.0,1.0,3.0,0.0
3.0,2.0,1.0,3.0,1.0,2.0,2.0,0.0
3.0,2.0,2.0,3.0,1.0,0.0,0.0,0.0
3.0,2.0,2.0,3.0,1.0,1.0,3.0,0.0
3.0,3.0,0.0,3.0,2.0,1.0,1.0,0.0
3.0,3.0,0.0,3.0,2.0,2.0,3.0,0.0
3.0,3.0,1.0,3.0,2.0,0.0,0.0,0.0
3.0,3.0,1.0,3.0,2.0,1.0,3.0,0.0
3.0,3.0,1.0,3.0,2.0,2.0,2.0,0.0
3.0,3.0,2.0,3.0,2.0,0.0,0.0,0.0
3.0,3.0,2.0,3.0,2.0,1.0,3.0,0.0
3.0,3.0,2.0,3.0,2.0,2.0,2.0,0.0
